,ID (Dino),ID (CME),Track Length (Dino),Track Length (CME),True Match
0,[126.0],[2391.0],[10.0],[10.0],True
1,[156.0],[33.0],[29.0],[98.0],False
2,[166.0],[3827.0],[5.0],[5.0],True
3,[167.0],[2183.0],[11.0],[11.0],True
4,[170.0],[3108.0],[7.0],[7.0],True
5,[192.0],[152.0],[35.0],[61.0],False
6,[195.0],[4281.0],[1.0],[4.0],False
7,[203.0],[1070.0],[15.0],[21.0],False
8,[215.0],[1001.0],[22.0],[22.0],True
9,[221.0],[1703.0],[14.0],[14.0],True
10,[250.0],[3830.0],[5.0],[5.0],True
11,[261.0],[2187.0],[9.0],[11.0],False
12,[272.0],[4284.0],[4.0],[4.0],True
13,[281.0],[2619.0],[6.0],[9.0],False
14,[287.0],[408.0],[9.0],[39.0],False
15,[299.0],[3469.0],[6.0],[6.0],True
16,[308.0],[3109.0],[6.0],[7.0],False
17,[325.0],[2394.0],[10.0],[10.0],True
18,[328.0],[1577.0],[8.0],[15.0],False
19,[352.0],[221.0],[7.0],[52.0],False
20,[363.0],[4286.0],[4.0],[4.0],True
21,[365.0],[563.0],[32.0],[32.0],True
22,[368.0],[200.0],[34.0],[54.0],False
23,[370.0],[350.0],[13.0],[42.0],False
24,[386.0],[3835.0],[5.0],[5.0],True
25,[387.0],[1578.0],[6.0],[15.0],False
26,[395.0],[3.0],[61.0],[99.0],False
27,[398.0],[59.0],[10.0],[82.0],False
28,[401.0],[239.0],[12.0],[50.0],False
29,[402.0],[4288.0],[4.0],[4.0],True
30,[417.0],[4889.0],[2.0],[3.0],False
31,[424.0],[467.0 2271.0],[47.0],[11.0 36.0],False
32,[427.0],[4890.0],[3.0],[3.0],True
33,[431.0],[947.0],[13.0],[23.0],False
34,[433.0],[4.0],[21.0],[99.0],False
35,[434.0],[31.0],[3.0],[99.0],False
36,[435.0],[468.0],[36.0],[36.0],True
37,[445.0],[589.0],[29.0],[31.0],False
38,[456.0],[3476.0],[6.0],[6.0],True
39,[457.0],[1154.0],[15.0],[20.0],False
40,[459.0],[5.0],[67.0],[99.0],False
41,[465.0],[4291.0],[3.0],[4.0],False
42,[467.0],[518.0],[32.0],[34.0],False
43,[469.0],[2191.0],[11.0],[11.0],True
44,[470.0],[1581.0],[15.0],[15.0],True
45,[478.0],[2607.0],[9.0],[9.0],True
46,[485.0],[7.0 1104.0],[99.0],[21.0 99.0],False
47,[491.0],[3837.0],[5.0],[5.0],True
48,[492.0],[3477.0],[2.0],[6.0],False
49,[507.0],[309.0],[11.0],[45.0],False
50,[508.0],[948.0],[7.0],[23.0],False
51,[509.0],[842.0],[2.0],[25.0],False
52,[519.0],[4892.0],[3.0],[3.0],True
53,[521.0],[792.0],[3.0],[26.0],False
54,[524.0],[1379.0],[17.0],[17.0],True
55,[525.0],[20.0],[97.0],[99.0],False
56,[526.0],[96.0],[12.0],[71.0],False
57,[528.0],[547.0],[7.0],[33.0],False
58,[544.0],[1153.0],[14.0],[20.0],False
59,[557.0],[32.0 2615.0],[9.0],[9.0 99.0],False
60,[558.0],[3478.0],[6.0],[6.0],True
61,[559.0],[1066.0],[7.0],[21.0],False
62,[563.0],[3838.0],[5.0],[5.0],True
63,[565.0],[10.0],[13.0],[99.0],False
64,[570.0],[1481.0],[16.0],[16.0],True
65,[577.0],[706.0],[25.0],[28.0],False
66,[578.0],[1214.0],[19.0],[19.0],True
67,[585.0],[5564.0],[2.0],[2.0],True
68,[604.0],[12.0],[99.0],[99.0],True
69,[605.0],[60.0],[29.0],[81.0],False
70,[610.0],[329.0],[39.0],[44.0],False
71,[615.0],[1842.0],[13.0],[13.0],True
72,[616.0],[949.0],[3.0],[23.0],False
73,[624.0],[1599.0 4895.0],[17.0],[3.0 15.0],False
74,[627.0],[40.0],[3.0],[93.0],False
75,[629.0],[5565.0],[2.0],[2.0],True
76,[638.0],[15.0],[2.0],[99.0],False
77,[647.0],[55.0],[40.0],[85.0],False
78,[651.0],[2008.0],[2.0],[12.0],False
79,[654.0],[2192.0],[1.0],[11.0],False
80,[658.0],[794.0],[17.0],[26.0],False
81,[665.0],[3843.0],[5.0],[5.0],True
82,[685.0],[1385.0],[16.0],[17.0],False
83,[694.0],[1217.0],[2.0],[19.0],False
84,[698.0],[274.0],[20.0],[47.0],False
85,[700.0],[1585.0],[14.0],[15.0],False
86,[705.0],[5568.0],[2.0],[2.0],True
87,[707.0],[4898.0],[3.0],[3.0],True
88,[723.0],[2014.0],[3.0],[12.0],False
89,[726.0],[2612.0],[8.0],[9.0],False
90,[732.0],[324.0 2398.0 5717.0],[16.0],[2.0 10.0 44.0],False
91,[750.0],[795.0],[24.0],[26.0],False
92,[757.0],[1067.0],[21.0],[21.0],True
93,[762.0],[51.0],[85.0],[86.0],False
94,[772.0],[746.0],[8.0],[27.0],False
95,[776.0],[1482.0],[16.0],[16.0],True
96,[780.0],[5572.0],[2.0],[2.0],True
97,[782.0],[4298.0],[4.0],[4.0],True
98,[787.0],[354.0],[2.0],[42.0],False
99,[791.0],[95.0],[69.0],[71.0],False
100,[799.0],[414.0 903.0],[38.0],[24.0 39.0],False
101,[805.0],[5575.0],[2.0],[2.0],True
102,[806.0],[150.0],[12.0],[61.0],False
103,[810.0],[472.0],[32.0],[36.0],False
104,[811.0],[5574.0],[2.0],[2.0],True
105,[819.0],[2015.0],[12.0],[12.0],True
106,[820.0],[836.0],[1.0],[25.0],False
107,[821.0],[796.0],[20.0],[26.0],False
108,[822.0],[544.0],[4.0],[33.0],False
109,[824.0],[2193.0],[10.0],[11.0],False
110,[826.0],[4905.0],[3.0],[3.0],True
111,[830.0],[81.0],[6.0],[74.0],False
112,[839.0],[545.0],[33.0],[33.0],True
113,[840.0],[3480.0],[6.0],[6.0],True
114,[844.0],[432.0],[38.0],[38.0],True
115,[852.0],[519.0],[34.0],[34.0],True
116,[854.0],[743.0],[11.0],[27.0],False
117,[862.0],[16.0],[99.0],[99.0],True
118,[868.0],[2402.0],[1.0],[10.0],False
119,[870.0],[2194.0],[11.0],[11.0],True
120,[883.0],[564.0],[27.0],[32.0],False
121,[889.0],[1849.0],[1.0],[13.0],False
122,[899.0],[5577.0],[2.0],[2.0],True
123,[901.0],[4906.0],[1.0],[3.0],False
124,[908.0],[388.0],[9.0],[40.0],False
125,[933.0],[2864.0 3849.0],[6.0],[5.0 8.0],False
126,[935.0],[170.0 387.0],[50.0],[40.0 59.0],False
127,[948.0],[4912.0],[2.0],[3.0],False
128,[957.0],[102.0],[69.0],[70.0],False
129,[958.0],[5581.0 5623.0],[4.0],[2.0],False
130,[962.0],[4932.0],[3.0],[3.0],True
131,[968.0],[103.0],[17.0],[70.0],False
132,[978.0],[255.0],[34.0],[49.0],False
133,[983.0],[58.0],[10.0],[82.0],False
134,[991.0],[1485.0],[2.0],[16.0],False
135,[1000.0],[4916.0],[1.0],[3.0],False
136,[1001.0],[4915.0],[2.0],[3.0],False
137,[1019.0],[5585.0],[1.0],[2.0],False
138,[1030.0],[797.0],[3.0],[26.0],False
139,[1034.0],[3132.0],[1.0],[7.0],False
140,[1067.0],[413.0],[12.0],[39.0],False
141,[1068.0],[3860.0],[1.0],[5.0],False
142,[1114.0],[3117.0],[5.0],[7.0],False
143,[1131.0],[433.0],[19.0],[38.0],False
144,[1142.0],[3485.0],[2.0],[6.0],False
145,[1153.0],[1382.0],[17.0],[17.0],True
146,[1181.0],[27.0],[7.0],[99.0],False
147,[1191.0],[3853.0],[5.0],[5.0],True
148,[1193.0],[4315.0],[4.0],[4.0],True
149,[1205.0],[263.0],[25.0],[48.0],False
150,[1210.0],[1588.0],[14.0],[15.0],False
151,[1232.0],[4922.0],[3.0],[3.0],True
152,[1233.0],[799.0],[9.0],[26.0],False
153,[1241.0],[3123.0],[6.0],[7.0],False
154,[1246.0],[3854.0],[5.0],[5.0],True
155,[1266.0],[628.0],[2.0],[30.0],False
156,[1268.0],[1848.0],[3.0],[13.0],False
157,[1269.0],[2205.0],[3.0],[11.0],False
158,[1278.0],[1590.0],[3.0],[15.0],False
159,[1287.0],[1486.0],[6.0],[16.0],False
160,[1289.0],[748.0],[4.0],[27.0],False
161,[1299.0],[2397.0],[10.0],[10.0],True
162,[1374.0],[1301.0 3122.0],[18.0],[7.0 18.0],False
163,[1392.0],[4320.0],[1.0],[4.0],False
164,[1404.0],[1289.0],[4.0],[18.0],False
165,[1685.0],[1702.0],[12.0],[14.0],False
166,[1694.0],[5552.0],[1.0],[2.0],False
167,[1708.0],[2393.0],[9.0],[10.0],False
168,[1724.0],[791.0],[7.0],[26.0],False
169,[1730.0],[3492.0],[1.0],[6.0],False
170,[1735.0],[3502.0],[1.0],[6.0],False
171,[1750.0],[4289.0],[1.0],[4.0],False
172,[1757.0],[3856.0],[4.0],[5.0],False
173,[1778.0],[2847.0],[1.0],[8.0],False
174,[1779.0],[2622.0 4363.0 5606.0],[4.0],[2.0 4.0 9.0],False
175,[1817.0],[844.0],[25.0],[25.0],True
176,[1825.0],[1220.0],[1.0],[19.0],False
177,[1826.0],[5573.0],[1.0],[2.0],False
178,[1827.0],[5571.0],[1.0],[2.0],False
179,[1833.0],[2626.0],[1.0],[9.0],False
180,[1837.0],[494.0],[1.0],[35.0],False
181,[1842.0],[4904.0],[1.0],[3.0],False
182,[1847.0],[4299.0],[1.0],[4.0],False
183,[1848.0],[1073.0],[4.0],[21.0],False
184,[1849.0],[4300.0],[1.0],[4.0],False
185,[1864.0],[1483.0],[1.0],[16.0],False
186,[1872.0],[4302.0],[1.0],[4.0],False
187,[1874.0],[1491.0],[1.0],[16.0],False
188,[1877.0],[2402.0],[1.0],[10.0],False
189,[1884.0],[2840.0],[3.0],[8.0],False
190,[1892.0],[3848.0],[4.0],[5.0],False
191,[1904.0],[308.0],[1.0],[45.0],False
192,[1910.0],[1710.0],[1.0],[14.0],False
193,[1932.0],[4940.0],[2.0],[3.0],False
194,[1947.0],[4328.0],[1.0],[4.0],False
195,[1959.0],[3500.0],[4.0],[6.0],False
196,[1961.0],[4919.0],[1.0],[3.0],False
197,[1963.0],[2396.0],[2.0],[10.0],False
198,[1982.0],[3490.0],[1.0],[6.0],False
199,[2021.0],[3121.0],[1.0],[7.0],False
200,[2168.0],[1477.0],[2.0],[16.0],False
201,[2176.0],[2024.0 4888.0],[3.0],[3.0 12.0],False
202,[2184.0],[1222.0],[1.0],[19.0],False
203,[2205.0],[40.0],[9.0],[93.0],False
204,[2227.0],[353.0 1714.0],[13.0],[14.0 42.0],False
205,[2233.0],[291.0 4947.0],[9.0],[3.0 46.0],False
206,[2248.0],[3867.0],[2.0],[5.0],False
207,[2264.0],[3500.0],[1.0],[6.0],False
208,[2385.0],[3466.0],[2.0],[6.0],False
209,[2392.0],[669.0],[1.0],[29.0],False
210,[2396.0],[2024.0],[1.0],[12.0],False
211,[2405.0],[2836.0],[4.0],[8.0],False
212,[2428.0],[453.0 4296.0],[2.0],[4.0 37.0],False
213,[2432.0],[4953.0],[1.0],[3.0],False
214,[2451.0],[625.0],[2.0],[30.0],False
215,[2464.0],[4314.0],[1.0],[4.0],False
216,[2474.0],[3859.0],[1.0],[5.0],False
217,[2484.0],[1716.0],[1.0],[14.0],False
218,[2491.0],[1294.0],[2.0],[18.0],False
219,[2525.0],[5628.0],[1.0],[2.0],False
220,[2616.0],[2206.0],[1.0],[11.0],False
221,[2631.0],[1375.0],[1.0],[17.0],False
222,[2634.0],[126.0],[3.0],[65.0],False
223,[2683.0],[2210.0],[2.0],[11.0],False
224,[2702.0],[3145.0],[1.0],[7.0],False
225,[2723.0],[2840.0],[2.0],[8.0],False
226,[2739.0],[308.0],[8.0],[45.0],False
227,[2781.0],[2842.0],[4.0],[8.0],False
228,[2790.0],[3500.0],[1.0],[6.0],False
229,[2804.0],[3852.0],[1.0],[5.0],False
230,[2805.0],[4352.0],[2.0],[4.0],False
231,[2808.0],[1844.0],[8.0],[13.0],False
232,[2809.0],[2396.0],[2.0],[10.0],False
233,[2817.0],[2196.0],[1.0],[11.0],False
234,[2843.0],[839.0],[1.0],[25.0],False
235,[2850.0],[3120.0],[1.0],[7.0],False
236,[2992.0],[1574.0],[7.0],[15.0],False
237,[3023.0],[1296.0],[13.0],[18.0],False
238,[3032.0],[1706.0],[1.0],[14.0],False
239,[3040.0],[3880.0],[2.0],[5.0],False
240,[3067.0],[3884.0],[4.0],[5.0],False
241,[3070.0],[4336.0],[1.0],[4.0],False
242,[3087.0],[3886.0],[3.0],[5.0],False
243,[3091.0],[914.0 3119.0],[15.0],[7.0 24.0],False
244,[3122.0],[953.0],[4.0],[23.0],False
245,[3132.0],[2209.0],[1.0],[11.0],False
246,[3204.0],[491.0],[2.0],[35.0],False
247,[3208.0],[126.0],[3.0],[65.0],False
248,[3212.0],[2024.0],[2.0],[12.0],False
249,[3255.0],[452.0],[34.0],[37.0],False
250,[3263.0],[3127.0],[1.0],[7.0],False
251,[3294.0],[3499.0 5660.0],[2.0],[2.0 6.0],False
252,[3332.0],[4347.0],[1.0],[4.0],False
253,[3334.0],[1219.0],[5.0],[19.0],False
254,[3454.0],[2392.0],[1.0],[10.0],False
255,[3456.0],[3888.0],[3.0],[5.0],False
256,[3459.0],[1299.0],[2.0],[18.0],False
257,[3460.0],[1597.0 5655.0],[2.0],[2.0 15.0],False
258,[3468.0],[2189.0],[4.0],[11.0],False
259,[3496.0],[948.0 3564.0],[21.0],[6.0 23.0],False
260,[3509.0],[2214.0],[1.0],[11.0],False
261,[3534.0],[952.0],[1.0],[23.0],False
262,[3538.0],[1706.0],[7.0],[14.0],False
263,[3539.0],[494.0],[4.0],[35.0],False
264,[3567.0],[58.0],[1.0],[82.0],False
265,[3575.0],[3510.0],[1.0],[6.0],False
266,[3615.0],[750.0],[15.0],[27.0],False
267,[3623.0],[2396.0],[1.0],[10.0],False
268,[3644.0],[2852.0],[1.0],[8.0],False
269,[3645.0],[4373.0],[1.0],[4.0],False
270,[3685.0],[2863.0],[6.0],[8.0],False
271,[3802.0],[408.0],[20.0],[39.0],False
272,[3804.0],[2637.0],[1.0],[9.0],False
273,[3810.0],[3882.0],[1.0],[5.0],False
274,[3843.0],[2622.0],[1.0],[9.0],False
275,[3850.0],[954.0 1880.0],[15.0],[13.0 23.0],False
276,[3857.0],[2411.0],[1.0],[10.0],False
277,[3876.0],[5668.0],[2.0],[2.0],True
278,[3888.0],[2402.0],[1.0],[10.0],False
279,[3893.0],[1164.0],[2.0],[20.0],False
280,[3897.0],[1160.0],[8.0],[20.0],False
281,[3912.0],[5671.0],[1.0],[2.0],False
282,[3948.0],[27.0],[56.0],[99.0],False
283,[3974.0],[2204.0],[1.0],[11.0],False
284,[3997.0],[2207.0],[1.0],[11.0],False
285,[4170.0],[175.0],[2.0],[58.0],False
286,[4177.0],[307.0],[1.0],[45.0],False
287,[4234.0],[1294.0],[2.0],[18.0],False
288,[4249.0],[5677.0],[2.0],[2.0],True
289,[4353.0],[841.0],[10.0],[25.0],False
290,[4386.0],[2211.0],[2.0],[11.0],False
291,[4409.0],[753.0],[1.0],[27.0],False
292,[4421.0],[40.0],[42.0],[93.0],False
293,[4424.0],[3524.0],[6.0],[6.0],True
294,[4460.0],[2029.0],[7.0],[12.0],False
295,[4475.0],[1151.0],[8.0],[20.0],False
296,[4483.0],[289.0],[2.0],[46.0],False
297,[4486.0],[1004.0],[1.0],[22.0],False
298,[4561.0],[412.0],[2.0],[39.0],False
299,[4598.0],[799.0],[1.0],[26.0],False
300,[4649.0],[1859.0],[1.0],[13.0],False
301,[4677.0],[2198.0],[1.0],[11.0],False
302,[4806.0],[635.0 3163.0],[2.0],[7.0 30.0],False
303,[4807.0],[175.0],[1.0],[58.0],False
304,[4808.0],[2642.0],[8.0],[9.0],False
305,[4810.0],[5007.0],[1.0],[3.0],False
306,[4813.0],[3161.0],[1.0],[7.0],False
307,[4822.0],[372.0],[1.0],[41.0],False
308,[4830.0],[917.0],[1.0],[24.0],False
309,[4835.0],[846.0],[9.0],[25.0],False
310,[4856.0],[2870.0],[1.0],[8.0],False
311,[4877.0],[1390.0],[2.0],[17.0],False
312,[4884.0],[799.0],[13.0],[26.0],False
313,[5016.0],[1863.0],[5.0],[13.0],False
314,[5021.0],[791.0],[13.0],[26.0],False
315,[5026.0],[539.0],[21.0],[33.0],False
316,[5031.0],[947.0],[1.0],[23.0],False
317,[5046.0],[753.0],[15.0],[27.0],False
318,[5050.0],[1066.0],[2.0],[21.0],False
319,[5070.0],[175.0],[1.0],[58.0],False
320,[5075.0],[743.0],[1.0],[27.0],False
321,[5076.0],[1866.0],[1.0],[13.0],False
322,[5078.0],[1483.0],[3.0],[16.0],False
323,[5084.0],[5008.0],[1.0],[3.0],False
324,[5086.0],[917.0],[1.0],[24.0],False
325,[5113.0],[2867.0],[1.0],[8.0],False
326,[5117.0],[2867.0],[1.0],[8.0],False
327,[5119.0],[1490.0],[1.0],[16.0],False
328,[5120.0],[2866.0],[1.0],[8.0],False
329,[5163.0],[1720.0],[1.0],[14.0],False
330,[5185.0],[4386.0],[1.0],[4.0],False
331,[5224.0],[5023.0],[3.0],[3.0],True
332,[5331.0],[1375.0],[2.0],[17.0],False
333,[5347.0],[2438.0 4388.0],[3.0],[4.0 10.0],False
334,[5377.0],[663.0],[16.0],[29.0],False
335,[5380.0],[96.0],[1.0],[71.0],False
336,[5407.0],[1216.0],[5.0],[19.0],False
337,[5426.0],[175.0],[1.0],[58.0],False
338,[5448.0],[756.0],[25.0],[27.0],False
339,[5457.0],[909.0],[2.0],[24.0],False
340,[5470.0],[5027.0],[2.0],[3.0],False
341,[5471.0],[3907.0],[1.0],[5.0],False
342,[5479.0],[1012.0],[1.0],[22.0],False
343,[5527.0],[5703.0],[1.0],[2.0],False
344,[5557.0],[1610.0],[1.0],[15.0],False
345,[5576.0],[3527.0],[1.0],[6.0],False
346,[5620.0],[1862.0],[2.0],[13.0],False
347,[5762.0],[1725.0],[9.0],[14.0],False
348,[5793.0],[2043.0],[3.0],[12.0],False
349,[5797.0],[2648.0],[1.0],[9.0],False
350,[5819.0],[672.0],[6.0],[29.0],False
351,[5826.0],[1483.0],[1.0],[16.0],False
352,[5900.0],[4414.0],[1.0],[4.0],False
353,[5905.0],[4414.0],[1.0],[4.0],False
354,[6079.0],[1078.0],[8.0],[21.0],False
355,[6088.0],[126.0],[13.0],[65.0],False
356,[6094.0],[527.0 1286.0 5754.0],[6.0],[2.0 18.0 34.0],False
357,[6102.0],[3175.0],[7.0],[7.0],True
358,[6106.0],[148.0 340.0],[69.0],[43.0 62.0],False
359,[6127.0],[950.0],[2.0],[23.0],False
360,[6128.0],[2648.0],[1.0],[9.0],False
361,[6135.0],[665.0],[6.0],[29.0],False
362,[6140.0],[743.0],[8.0],[27.0],False
363,[6144.0],[806.0],[14.0],[26.0],False
364,[6147.0],[1164.0],[2.0],[20.0],False
365,[6169.0],[1870.0],[4.0],[13.0],False
366,[6171.0],[1310.0],[1.0],[18.0],False
367,[6172.0],[2434.0],[2.0],[10.0],False
368,[6200.0],[2872.0],[1.0],[8.0],False
369,[6203.0],[2419.0],[1.0],[10.0],False
370,[6211.0],[2439.0],[1.0],[10.0],False
371,[6219.0],[5041.0],[1.0],[3.0],False
372,[6220.0],[2041.0],[1.0],[12.0],False
373,[6249.0],[636.0],[11.0],[30.0],False
374,[6282.0],[1862.0],[4.0],[13.0],False
375,[6399.0],[2424.0],[1.0],[10.0],False
376,[6401.0],[527.0],[1.0],[34.0],False
377,[6402.0],[2438.0],[1.0],[10.0],False
378,[6411.0],[3172.0 5755.0],[7.0],[2.0 7.0],False
379,[6420.0],[5723.0],[2.0],[2.0],True
380,[6424.0],[1147.0],[1.0],[20.0],False
381,[6430.0],[99.0],[3.0],[71.0],False
382,[6433.0],[1156.0],[3.0],[20.0],False
383,[6446.0],[5037.0],[1.0],[3.0],False
384,[6450.0],[175.0],[1.0],[58.0],False
385,[6474.0],[1086.0],[3.0],[21.0],False
386,[6515.0],[1226.0],[1.0],[19.0],False
387,[6527.0],[1294.0],[3.0],[18.0],False
388,[6540.0],[242.0],[4.0],[50.0],False
389,[6707.0],[2650.0],[5.0],[9.0],False
390,[6709.0],[1225.0],[13.0],[19.0],False
391,[6720.0],[2438.0 2455.0 5729.0],[4.0],[2.0 10.0],False
392,[6731.0],[516.0],[1.0],[34.0],False
393,[6762.0],[2037.0],[1.0],[12.0],False
394,[6768.0],[525.0],[29.0],[34.0],False
395,[6795.0],[2423.0],[1.0],[10.0],False
396,[6821.0],[289.0],[10.0],[46.0],False
397,[6853.0],[3545.0],[2.0],[6.0],False
398,[6870.0],[1012.0],[2.0],[22.0],False
399,[6889.0],[1391.0],[1.0],[17.0],False
400,[6925.0],[176.0],[2.0],[58.0],False
401,[6937.0],[1311.0],[6.0],[18.0],False
402,[6942.0],[263.0],[6.0],[48.0],False
403,[6988.0],[2033.0],[1.0],[12.0],False
404,[7023.0],[2890.0],[2.0],[8.0],False
405,[7162.0],[538.0],[2.0],[33.0],False
406,[7177.0],[565.0],[4.0],[32.0],False
407,[7241.0],[175.0],[1.0],[58.0],False
408,[7255.0],[1872.0],[7.0],[13.0],False
409,[7258.0],[2218.0],[1.0],[11.0],False
410,[7260.0],[414.0],[2.0],[39.0],False
411,[7287.0],[1309.0],[8.0],[18.0],False
412,[7296.0],[3169.0],[1.0],[7.0],False
413,[7297.0],[341.0],[2.0],[43.0],False
414,[7310.0],[626.0],[2.0],[30.0],False
415,[7366.0],[176.0],[2.0],[58.0],False
416,[7369.0],[1876.0],[3.0],[13.0],False
417,[7373.0],[3176.0],[1.0],[7.0],False
418,[7393.0],[759.0],[2.0],[27.0],False
419,[7395.0],[2649.0],[1.0],[9.0],False
420,[7442.0],[673.0],[1.0],[29.0],False
421,[7462.0],[2222.0],[1.0],[11.0],False
422,[7498.0],[331.0],[1.0],[44.0],False
423,[7644.0],[704.0],[9.0],[28.0],False
424,[7650.0],[792.0],[1.0],[26.0],False
425,[7660.0],[123.0],[1.0],[66.0],False
426,[7672.0],[742.0],[7.0],[27.0],False
427,[7686.0],[175.0],[1.0],[58.0],False
428,[7687.0],[743.0],[7.0],[27.0],False
429,[7691.0],[1228.0 5737.0],[2.0],[2.0 19.0],False
430,[7693.0],[635.0],[2.0],[30.0],False
431,[7705.0],[965.0],[2.0],[23.0],False
432,[7716.0],[1614.0],[1.0],[15.0],False
433,[7718.0],[87.0],[5.0],[73.0],False
434,[7762.0],[2226.0],[4.0],[11.0],False
435,[7764.0],[1406.0 3536.0],[2.0],[6.0 17.0],False
436,[7823.0],[3930.0],[2.0],[5.0],False
437,[7824.0],[711.0],[1.0],[28.0],False
438,[7940.0],[221.0],[12.0],[52.0],False
439,[7948.0],[2227.0],[4.0],[11.0],False
440,[7959.0],[266.0],[2.0],[48.0],False
441,[7967.0],[175.0],[1.0],[58.0],False
442,[7972.0],[1161.0 1171.0],[9.0],[20.0],False
443,[7974.0],[353.0],[1.0],[42.0],False
444,[8004.0],[2441.0],[4.0],[10.0],False
445,[8005.0],[1089.0],[3.0],[21.0],False
446,[8037.0],[5065.0],[3.0],[3.0],True
447,[8051.0],[759.0],[3.0],[27.0],False
448,[8212.0],[843.0],[4.0],[25.0],False
449,[8226.0],[325.0],[2.0],[44.0],False
450,[8227.0],[175.0],[1.0],[58.0],False
451,[8236.0],[964.0],[13.0],[23.0],False
452,[8239.0],[635.0],[1.0],[30.0],False
453,[8241.0],[1740.0],[2.0],[14.0],False
454,[8244.0],[277.0],[19.0],[47.0],False
455,[8251.0],[2050.0],[2.0],[12.0],False
456,[8263.0],[676.0],[1.0],[29.0],False
457,[8265.0],[626.0],[1.0],[30.0],False
458,[8267.0],[87.0],[3.0],[73.0],False
459,[8317.0],[498.0],[3.0],[35.0],False
460,[8323.0],[2047.0],[1.0],[12.0],False
461,[8324.0],[276.0],[1.0],[47.0],False
462,[8502.0],[760.0],[5.0],[27.0],False
463,[8506.0],[1402.0],[10.0],[17.0],False
464,[8517.0],[791.0],[1.0],[26.0],False
465,[8526.0],[1886.0],[1.0],[13.0],False
466,[8527.0],[1881.0],[2.0],[13.0],False
467,[8528.0],[239.0],[1.0],[50.0],False
468,[8532.0],[2895.0],[5.0],[8.0],False
469,[8586.0],[175.0],[1.0],[58.0],False
470,[8605.0],[2661.0],[8.0],[9.0],False
471,[8622.0],[154.0],[55.0],[61.0],False
472,[8627.0],[666.0],[1.0],[29.0],False
473,[8630.0],[1870.0],[3.0],[13.0],False
474,[8657.0],[1742.0],[3.0],[14.0],False
475,[8682.0],[2232.0],[1.0],[11.0],False
476,[8757.0],[2222.0],[1.0],[11.0],False
477,[8923.0],[2448.0],[2.0],[10.0],False
478,[8943.0],[3564.0],[1.0],[6.0],False
479,[8953.0],[99.0],[1.0],[71.0],False
480,[8964.0],[175.0],[1.0],[58.0],False
481,[8965.0],[918.0],[1.0],[24.0],False
482,[8967.0],[354.0],[2.0],[42.0],False
483,[8968.0],[795.0],[3.0],[26.0],False
484,[8998.0],[853.0],[1.0],[25.0],False
485,[9006.0],[596.0],[2.0],[31.0],False
486,[9056.0],[904.0],[1.0],[24.0],False
487,[9092.0],[4453.0],[2.0],[4.0],False
488,[9095.0],[839.0],[2.0],[25.0],False
489,[9096.0],[839.0],[1.0],[25.0],False
490,[9099.0],[3571.0],[4.0],[6.0],False
491,[9197.0],[1400.0],[3.0],[17.0],False
492,[9204.0],[478.0],[15.0],[36.0],False
493,[9208.0],[63.0],[2.0],[80.0],False
494,[9210.0],[2665.0],[1.0],[9.0],False
495,[9218.0],[438.0 4446.0],[3.0],[4.0 38.0],False
496,[9240.0],[175.0],[1.0],[58.0],False
497,[9272.0],[625.0],[1.0],[30.0],False
498,[9283.0],[4451.0],[1.0],[4.0],False
499,[9290.0],[569.0],[1.0],[32.0],False
500,[9302.0],[2907.0],[1.0],[8.0],False
501,[9323.0],[2229.0],[2.0],[11.0],False
502,[9443.0],[1729.0],[1.0],[14.0],False
503,[9450.0],[1892.0 3200.0],[7.0],[7.0 13.0],False
504,[9484.0],[175.0],[1.0],[58.0],False
505,[9488.0],[354.0],[16.0],[42.0],False
506,[9492.0],[354.0],[2.0],[42.0],False
507,[9493.0],[2668.0],[6.0],[9.0],False
508,[9506.0],[3556.0],[1.0],[6.0],False
509,[9513.0],[2666.0],[3.0],[9.0],False
510,[9520.0],[103.0],[25.0],[70.0],False
511,[9534.0],[413.0],[1.0],[39.0],False
512,[9545.0],[3961.0],[1.0],[5.0],False
513,[9551.0],[243.0],[5.0],[50.0],False
514,[9554.0],[1742.0],[1.0],[14.0],False
515,[9563.0],[3972.0],[1.0],[5.0],False
516,[9590.0],[2446.0],[1.0],[10.0],False
517,[9594.0],[849.0],[1.0],[25.0],False
518,[9636.0],[470.0],[2.0],[36.0],False
519,[9730.0],[1622.0],[1.0],[15.0],False
520,[9733.0],[856.0],[2.0],[25.0],False
521,[9742.0],[518.0],[1.0],[34.0],False
522,[9754.0],[85.0],[4.0],[73.0],False
523,[9769.0],[175.0],[1.0],[58.0],False
524,[9775.0],[330.0],[20.0],[44.0],False
525,[9782.0],[622.0],[3.0],[30.0],False
526,[9797.0],[3197.0],[2.0],[7.0],False
527,[9799.0],[564.0],[3.0],[32.0],False
528,[9810.0],[3202.0],[5.0],[7.0],False
529,[9847.0],[3966.0],[1.0],[5.0],False
530,[9876.0],[2903.0],[1.0],[8.0],False
531,[9947.0],[2664.0],[4.0],[9.0],False
532,[9966.0],[762.0],[6.0],[27.0],False
533,[9975.0],[2900.0],[1.0],[8.0],False
534,[9976.0],[438.0],[6.0],[38.0],False
535,[9998.0],[521.0],[2.0],[34.0],False
536,[10002.0],[4471.0],[4.0],[4.0],True
537,[10008.0],[372.0],[1.0],[41.0],False
538,[10011.0],[1618.0],[1.0],[15.0],False
539,[10013.0],[155.0 388.0],[2.0],[40.0 61.0],False
540,[10014.0],[1890.0],[3.0],[13.0],False
541,[10018.0],[357.0],[1.0],[42.0],False
542,[10027.0],[1086.0],[3.0],[21.0],False
543,[10044.0],[1089.0],[1.0],[21.0],False
544,[10059.0],[3972.0 4492.0],[3.0],[4.0 5.0],False
545,[10060.0],[2232.0],[1.0],[11.0],False
546,[10061.0],[2902.0],[1.0],[8.0],False
547,[10067.0],[3972.0],[1.0],[5.0],False
548,[10105.0],[710.0],[1.0],[28.0],False
549,[10224.0],[1737.0],[1.0],[14.0],False
550,[10225.0],[478.0],[1.0],[36.0],False
551,[10231.0],[173.0],[8.0],[58.0],False
552,[10236.0],[664.0 2677.0],[2.0],[9.0 29.0],False
553,[10241.0],[175.0],[4.0],[58.0],False
554,[10242.0],[395.0],[1.0],[40.0],False
555,[10244.0],[918.0],[1.0],[24.0],False
556,[10245.0],[2660.0],[1.0],[9.0],False
557,[10256.0],[564.0 1240.0],[10.0],[19.0 32.0],False
558,[10409.0],[1165.0],[2.0],[20.0],False
559,[10419.0],[1415.0],[13.0],[17.0],False
560,[10420.0],[343.0],[5.0],[43.0],False
561,[10432.0],[753.0],[3.0],[27.0],False
562,[10433.0],[4481.0],[4.0],[4.0],True
563,[10440.0],[2911.0],[3.0],[8.0],False
564,[10449.0],[1229.0],[8.0],[19.0],False
565,[10477.0],[623.0 5126.0],[2.0],[3.0 30.0],False
566,[10481.0],[1746.0],[9.0],[14.0],False
567,[10504.0],[1310.0],[1.0],[18.0],False
568,[10512.0],[206.0],[16.0],[54.0],False
569,[10522.0],[1406.0],[2.0],[17.0],False
570,[10545.0],[914.0],[1.0],[24.0],False
571,[10549.0],[2902.0],[1.0],[8.0],False
572,[10568.0],[3199.0],[1.0],[7.0],False
573,[10611.0],[358.0],[2.0],[42.0],False
574,[10649.0],[1888.0 5807.0],[5.0],[2.0 13.0],False
575,[10799.0],[1892.0],[5.0],[13.0],False
576,[10803.0],[597.0],[11.0],[31.0],False
577,[10804.0],[1737.0],[1.0],[14.0],False
578,[10805.0],[440.0],[35.0],[38.0],False
579,[10811.0],[199.0 1234.0 5120.0],[3.0],[3.0 19.0 54.0],False
580,[10816.0],[1410.0],[1.0],[17.0],False
581,[10821.0],[111.0],[68.0],[69.0],False
582,[10824.0],[4468.0],[1.0],[4.0],False
583,[10850.0],[2677.0],[7.0],[9.0],False
584,[10869.0],[1316.0],[1.0],[18.0],False
585,[10871.0],[3215.0 4009.0 5803.0],[3.0],[2.0 5.0 7.0],False
586,[10892.0],[307.0],[7.0],[45.0],False
587,[10898.0],[1736.0],[1.0],[14.0],False
588,[10911.0],[2918.0],[2.0],[8.0],False
589,[10917.0],[457.0],[27.0],[37.0],False
590,[10936.0],[1230.0],[8.0],[19.0],False
591,[10959.0],[1742.0],[1.0],[14.0],False
592,[10962.0],[1089.0],[5.0],[21.0],False
593,[11044.0],[3587.0],[1.0],[6.0],False
594,[11050.0],[711.0],[1.0],[28.0],False
595,[11080.0],[2903.0],[1.0],[8.0],False
596,[11221.0],[4480.0],[1.0],[4.0],False
597,[11222.0],[1404.0],[1.0],[17.0],False
598,[11228.0],[56.0],[1.0],[85.0],False
599,[11247.0],[11.0],[20.0],[99.0],False
600,[11249.0],[2911.0],[2.0],[8.0],False
601,[11253.0],[810.0],[10.0],[26.0],False
602,[11259.0],[3996.0],[1.0],[5.0],False
603,[11262.0],[123.0],[4.0],[66.0],False
604,[11281.0],[1900.0],[1.0],[13.0],False
605,[11290.0],[308.0],[8.0],[45.0],False
606,[11305.0],[243.0],[1.0],[50.0],False
607,[11333.0],[520.0],[1.0],[34.0],False
608,[11343.0],[1901.0],[1.0],[13.0],False
609,[11390.0],[673.0],[1.0],[29.0],False
610,[11393.0],[477.0],[2.0],[36.0],False
611,[11404.0],[5822.0],[2.0],[2.0],True
612,[11505.0],[418.0],[2.0],[39.0],False
613,[11516.0],[315.0],[4.0],[45.0],False
614,[11530.0],[222.0],[13.0],[52.0],False
615,[11561.0],[569.0],[2.0],[32.0],False
616,[11721.0],[124.0],[27.0],[66.0],False
617,[11722.0],[1014.0],[1.0],[22.0],False
618,[11723.0],[3210.0],[1.0],[7.0],False
619,[11754.0],[128.0],[1.0],[65.0],False
620,[11765.0],[314.0],[5.0],[45.0],False
621,[11768.0],[714.0],[7.0],[28.0],False
622,[11779.0],[1020.0],[10.0],[22.0],False
623,[11782.0],[635.0],[1.0],[30.0],False
624,[11794.0],[1510.0],[1.0],[16.0],False
625,[11807.0],[676.0],[1.0],[29.0],False
626,[11810.0],[2062.0],[1.0],[12.0],False
627,[11816.0],[3997.0],[3.0],[5.0],False
628,[11830.0],[4505.0],[2.0],[4.0],False
629,[11854.0],[4510.0],[1.0],[4.0],False
630,[11858.0],[433.0],[2.0],[38.0],False
631,[11930.0],[2065.0],[3.0],[12.0],False
632,[12107.0],[598.0],[12.0],[31.0],False
633,[12118.0],[436.0],[12.0],[38.0],False
634,[12124.0],[1886.0],[1.0],[13.0],False
635,[12128.0],[376.0],[40.0],[41.0],False
636,[12130.0],[1321.0],[1.0],[18.0],False
637,[12138.0],[438.0],[9.0],[38.0],False
638,[12142.0],[2257.0],[4.0],[11.0],False
639,[12149.0],[922.0],[3.0],[24.0],False
640,[12159.0],[416.0],[8.0],[39.0],False
641,[12181.0],[203.0],[2.0],[54.0],False
642,[12182.0],[2457.0],[1.0],[10.0],False
643,[12196.0],[2247.0],[1.0],[11.0],False
644,[12204.0],[3229.0],[1.0],[7.0],False
645,[12207.0],[3989.0],[1.0],[5.0],False
646,[12250.0],[263.0],[14.0],[48.0],False
647,[12255.0],[120.0],[1.0],[66.0],False
648,[12433.0],[480.0],[4.0],[36.0],False
649,[12451.0],[1321.0],[16.0],[18.0],False
650,[12464.0],[862.0],[22.0],[25.0],False
651,[12479.0],[1173.0],[9.0],[20.0],False
652,[12493.0],[1409.0],[2.0],[17.0],False
653,[12543.0],[5161.0],[1.0],[3.0],False
654,[12603.0],[920.0],[3.0],[24.0],False
655,[12706.0],[715.0],[17.0],[28.0],False
656,[12715.0],[3599.0],[2.0],[6.0],False
657,[12720.0],[199.0],[4.0],[54.0],False
658,[12721.0],[2689.0],[9.0],[9.0],True
659,[12722.0],[1913.0],[1.0],[13.0],False
660,[12725.0],[4517.0],[2.0],[4.0],False
661,[12730.0],[2245.0],[1.0],[11.0],False
662,[12751.0],[2256.0],[2.0],[11.0],False
663,[12755.0],[1323.0],[1.0],[18.0],False
664,[12758.0],[1316.0],[2.0],[18.0],False
665,[12761.0],[643.0 1544.0],[27.0],[16.0 30.0],False
666,[12765.0],[1314.0],[1.0],[18.0],False
667,[12771.0],[1893.0],[2.0],[13.0],False
668,[12776.0],[1245.0],[15.0],[19.0],False
669,[12781.0],[4006.0],[2.0],[5.0],False
670,[12789.0],[2933.0],[1.0],[8.0],False
671,[12791.0],[1233.0],[1.0],[19.0],False
672,[12829.0],[110.0],[4.0],[69.0],False
673,[12835.0],[1640.0],[2.0],[15.0],False
674,[12900.0],[3588.0],[1.0],[6.0],False
675,[12926.0],[1915.0],[5.0],[13.0],False
676,[12936.0],[5854.0],[1.0],[2.0],False
677,[13053.0],[808.0],[3.0],[26.0],False
678,[13068.0],[1234.0],[3.0],[19.0],False
679,[13073.0],[1181.0],[20.0],[20.0],True
680,[13076.0],[121.0],[10.0],[66.0],False
681,[13085.0],[3604.0],[1.0],[6.0],False
682,[13090.0],[60.0],[7.0],[81.0],False
683,[13091.0],[2263.0],[1.0],[11.0],False
684,[13104.0],[1754.0],[1.0],[14.0],False
685,[13106.0],[462.0 1518.0],[18.0],[16.0 37.0],False
686,[13108.0],[500.0],[3.0],[35.0],False
687,[13122.0],[1416.0],[1.0],[17.0],False
688,[13123.0],[2472.0],[4.0],[10.0],False
689,[13128.0],[3241.0],[3.0],[7.0],False
690,[13132.0],[2249.0],[3.0],[11.0],False
691,[13135.0],[307.0],[1.0],[45.0],False
692,[13146.0],[1409.0],[1.0],[17.0],False
693,[13153.0],[1409.0],[1.0],[17.0],False
694,[13157.0],[812.0],[5.0],[26.0],False
695,[13204.0],[1089.0],[1.0],[21.0],False
696,[13210.0],[1089.0],[1.0],[21.0],False
697,[13320.0],[1636.0],[1.0],[15.0],False
698,[13367.0],[4016.0],[2.0],[5.0],False
699,[13502.0],[3607.0],[2.0],[6.0],False
700,[13515.0],[2257.0 2711.0],[6.0],[9.0 11.0],False
701,[13521.0],[2263.0],[1.0],[11.0],False
702,[13534.0],[1642.0],[5.0],[15.0],False
703,[13535.0],[416.0],[5.0],[39.0],False
704,[13545.0],[2077.0],[3.0],[12.0],False
705,[13546.0],[1183.0 1894.0],[3.0],[13.0 20.0],False
706,[13550.0],[976.0],[3.0],[23.0],False
707,[13567.0],[257.0],[1.0],[49.0],False
708,[13578.0],[2936.0],[1.0],[8.0],False
709,[13627.0],[636.0],[4.0],[30.0],False
710,[13690.0],[920.0],[5.0],[24.0],False
711,[13766.0],[437.0],[1.0],[38.0],False
712,[13770.0],[971.0],[8.0],[23.0],False
713,[13782.0],[99.0],[8.0],[71.0],False
714,[13795.0],[4021.0],[5.0],[5.0],True
715,[13797.0],[574.0],[1.0],[32.0],False
716,[13808.0],[233.0],[1.0],[51.0],False
717,[13817.0],[4027.0 5880.0],[3.0],[2.0 5.0],False
718,[13819.0],[2695.0],[1.0],[9.0],False
719,[13820.0],[1638.0],[2.0],[15.0],False
720,[13860.0],[1915.0],[8.0],[13.0],False
721,[13863.0],[5881.0],[2.0],[2.0],True
722,[13966.0],[713.0],[8.0],[28.0],False
723,[13968.0],[232.0],[1.0],[51.0],False
724,[13969.0],[480.0],[22.0],[36.0],False
725,[13970.0],[2071.0],[2.0],[12.0],False
726,[13979.0],[4532.0],[1.0],[4.0],False
727,[13985.0],[420.0],[3.0],[39.0],False
728,[13988.0],[1913.0],[1.0],[13.0],False
729,[13990.0],[2081.0],[2.0],[12.0],False
730,[14001.0],[2267.0],[2.0],[11.0],False
731,[14031.0],[2092.0 2272.0],[11.0],[11.0 12.0],False
732,[14036.0],[4020.0],[1.0],[5.0],False
733,[14037.0],[4539.0],[3.0],[4.0],False
734,[14040.0],[1761.0],[14.0],[14.0],True
735,[14110.0],[3242.0],[1.0],[7.0],False
736,[14113.0],[759.0],[2.0],[27.0],False
737,[14184.0],[2264.0],[2.0],[11.0],False
738,[14317.0],[1514.0],[5.0],[16.0],False
739,[14321.0],[293.0],[18.0],[46.0],False
740,[14330.0],[126.0],[1.0],[65.0],False
741,[14331.0],[550.0],[2.0],[33.0],False
742,[14345.0],[1897.0],[1.0],[13.0],False
743,[14380.0],[209.0],[1.0],[54.0],False
744,[14382.0],[2944.0],[8.0],[8.0],True
745,[14393.0],[180.0],[58.0],[58.0],True
746,[14396.0],[4539.0],[1.0],[4.0],False
747,[14404.0],[2473.0],[2.0],[10.0],False
748,[14419.0],[1631.0],[1.0],[15.0],False
749,[14427.0],[1753.0],[3.0],[14.0],False
750,[14433.0],[2481.0],[1.0],[10.0],False
751,[14434.0],[977.0],[1.0],[23.0],False
752,[14459.0],[2695.0],[2.0],[9.0],False
753,[14471.0],[223.0],[1.0],[52.0],False
754,[14475.0],[5183.0],[1.0],[3.0],False
755,[14504.0],[439.0],[4.0],[38.0],False
756,[14520.0],[2261.0],[2.0],[11.0],False
757,[14561.0],[673.0],[1.0],[29.0],False
758,[14606.0],[3264.0],[1.0],[7.0],False
759,[14739.0],[2478.0 5905.0],[5.0],[2.0 10.0],False
760,[14742.0],[2486.0],[7.0],[10.0],False
761,[14743.0],[34.0],[5.0],[98.0],False
762,[14748.0],[2.0],[3.0],[99.0],False
763,[14751.0],[2267.0],[1.0],[11.0],False
764,[14758.0],[2263.0],[1.0],[11.0],False
765,[14768.0],[1764.0],[12.0],[14.0],False
766,[14772.0],[1098.0],[1.0],[21.0],False
767,[14778.0],[1427.0],[15.0],[17.0],False
768,[14785.0],[1753.0],[1.0],[14.0],False
769,[14791.0],[192.0],[1.0],[55.0],False
770,[14802.0],[156.0],[4.0],[61.0],False
771,[14806.0],[569.0],[1.0],[32.0],False
772,[14878.0],[3610.0],[1.0],[6.0],False
773,[14993.0],[5186.0],[2.0],[3.0],False
774,[14996.0],[211.0 4024.0],[5.0],[5.0 54.0],False
775,[15012.0],[1752.0],[1.0],[14.0],False
776,[15013.0],[772.0],[2.0],[27.0],False
777,[15020.0],[203.0],[19.0],[54.0],False
778,[15029.0],[1914.0],[1.0],[13.0],False
779,[15036.0],[5898.0],[2.0],[2.0],True
780,[15064.0],[276.0],[1.0],[47.0],False
781,[15072.0],[2261.0],[1.0],[11.0],False
782,[15079.0],[4032.0],[1.0],[5.0],False
783,[15148.0],[45.0],[5.0],[91.0],False
784,[15167.0],[3615.0],[1.0],[6.0],False
785,[15255.0],[1428.0],[11.0],[17.0],False
786,[15258.0],[2700.0],[4.0],[9.0],False
787,[15270.0],[288.0],[1.0],[46.0],False
788,[15275.0],[4035.0],[5.0],[5.0],True
789,[15280.0],[3619.0],[5.0],[6.0],False
790,[15286.0],[812.0],[1.0],[26.0],False
791,[15299.0],[2281.0],[6.0],[11.0],False
792,[15310.0],[2949.0],[1.0],[8.0],False
793,[15320.0],[2720.0 4555.0],[4.0],[4.0 9.0],False
794,[15322.0],[417.0],[3.0],[39.0],False
795,[15468.0],[5906.0],[1.0],[2.0],False
796,[15497.0],[2263.0],[1.0],[11.0],False
797,[15505.0],[2278.0],[6.0],[11.0],False
798,[15512.0],[5193.0],[1.0],[3.0],False
799,[15533.0],[1767.0],[9.0],[14.0],False
800,[15560.0],[2281.0],[4.0],[11.0],False
801,[15561.0],[1422.0],[1.0],[17.0],False
802,[15579.0],[1638.0],[1.0],[15.0],False
803,[15600.0],[4555.0],[1.0],[4.0],False
804,[15606.0],[276.0],[3.0],[47.0],False
805,[15615.0],[1640.0],[1.0],[15.0],False
806,[15617.0],[1024.0],[1.0],[22.0],False
807,[15621.0],[766.0],[4.0],[27.0],False
808,[15820.0],[1519.0],[8.0],[16.0],False
809,[15825.0],[182.0],[3.0],[57.0],False
810,[15829.0],[532.0],[10.0],[34.0],False
811,[15831.0],[1177.0],[3.0],[20.0],False
812,[15833.0],[2086.0],[6.0],[12.0],False
813,[15835.0],[553.0 572.0],[2.0],[32.0 33.0],False
814,[15840.0],[3622.0],[1.0],[6.0],False
815,[15842.0],[821.0],[24.0],[26.0],False
816,[15849.0],[1431.0 2267.0],[8.0],[11.0 17.0],False
817,[15860.0],[2711.0],[5.0],[9.0],False
818,[15862.0],[1102.0 3294.0 4096.0],[9.0],[5.0 7.0 21.0],False
819,[15863.0],[70.0],[40.0],[79.0],False
820,[15882.0],[458.0],[1.0],[37.0],False
821,[15909.0],[5197.0],[1.0],[3.0],False
822,[15913.0],[377.0],[3.0],[41.0],False
823,[15921.0],[1422.0],[2.0],[17.0],False
824,[15922.0],[1107.0],[13.0],[21.0],False
825,[15948.0],[818.0],[1.0],[26.0],False
826,[15972.0],[1105.0],[2.0],[21.0],False
827,[15974.0],[859.0],[1.0],[25.0],False
828,[15979.0],[1755.0],[4.0],[14.0],False
829,[16122.0],[1429.0],[12.0],[17.0],False
830,[16133.0],[126.0],[9.0],[65.0],False
831,[16134.0],[5216.0],[3.0],[3.0],True
832,[16136.0],[923.0],[4.0],[24.0],False
833,[16140.0],[2081.0 2952.0],[2.0],[8.0 12.0],False
834,[16166.0],[819.0],[1.0],[26.0],False
835,[16178.0],[1184.0],[10.0],[20.0],False
836,[16188.0],[123.0],[1.0],[66.0],False
837,[16192.0],[1924.0],[3.0],[13.0],False
838,[16195.0],[921.0],[1.0],[24.0],False
839,[16196.0],[109.0],[1.0],[69.0],False
840,[16197.0],[4038.0],[1.0],[5.0],False
841,[16198.0],[320.0 763.0],[9.0],[27.0 45.0],False
842,[16215.0],[642.0],[7.0],[30.0],False
843,[16219.0],[970.0],[1.0],[23.0],False
844,[16225.0],[776.0],[23.0],[27.0],False
845,[16226.0],[3635.0],[1.0],[6.0],False
846,[16257.0],[1103.0],[5.0],[21.0],False
847,[16258.0],[1422.0],[2.0],[17.0],False
848,[16272.0],[1180.0],[1.0],[20.0],False
849,[16329.0],[223.0],[1.0],[52.0],False
850,[16337.0],[818.0],[1.0],[26.0],False
851,[16361.0],[394.0],[1.0],[40.0],False
852,[16363.0],[4032.0],[1.0],[5.0],False
853,[16387.0],[3270.0],[2.0],[7.0],False
854,[16643.0],[4559.0],[1.0],[4.0],False
855,[16655.0],[572.0],[2.0],[32.0],False
856,[16667.0],[1431.0],[1.0],[17.0],False
857,[16671.0],[2491.0],[3.0],[10.0],False
858,[16677.0],[1109.0],[14.0],[21.0],False
859,[16680.0],[603.0],[18.0],[31.0],False
860,[16715.0],[5223.0],[3.0],[3.0],True
861,[16717.0],[1029.0],[22.0],[22.0],True
862,[16729.0],[1099.0],[1.0],[21.0],False
863,[16735.0],[3625.0],[1.0],[6.0],False
864,[16744.0],[2963.0],[2.0],[8.0],False
865,[16751.0],[419.0],[1.0],[39.0],False
866,[16753.0],[1922.0],[1.0],[13.0],False
867,[16759.0],[3637.0],[1.0],[6.0],False
868,[16760.0],[1753.0],[2.0],[14.0],False
869,[16761.0],[2970.0],[1.0],[8.0],False
870,[16773.0],[3633.0],[1.0],[6.0],False
871,[16786.0],[3630.0],[1.0],[6.0],False
872,[16798.0],[334.0 4569.0],[5.0],[4.0 44.0],False
873,[16820.0],[134.0],[1.0],[63.0],False
874,[16822.0],[110.0],[1.0],[69.0],False
875,[16836.0],[3634.0],[1.0],[6.0],False
876,[16860.0],[3286.0],[1.0],[7.0],False
877,[16888.0],[207.0],[7.0],[54.0],False
878,[16889.0],[1328.0],[8.0],[18.0],False
879,[16902.0],[2960.0],[1.0],[8.0],False
880,[16910.0],[2950.0],[1.0],[8.0],False
881,[16915.0],[4048.0],[3.0],[5.0],False
882,[16930.0],[1100.0],[1.0],[21.0],False
883,[16931.0],[3636.0],[1.0],[6.0],False
884,[16963.0],[2959.0],[2.0],[8.0],False
885,[17089.0],[137.0],[1.0],[63.0],False
886,[17094.0],[869.0],[15.0],[25.0],False
887,[17095.0],[1333.0],[1.0],[18.0],False
888,[17104.0],[1431.0],[1.0],[17.0],False
889,[17124.0],[2719.0],[6.0],[9.0],False
890,[17133.0],[3269.0],[2.0],[7.0],False
891,[17150.0],[223.0],[9.0],[52.0],False
892,[17207.0],[3288.0],[2.0],[7.0],False
893,[17215.0],[4044.0],[1.0],[5.0],False
894,[17217.0],[4583.0],[1.0],[4.0],False
895,[17227.0],[4049.0],[1.0],[5.0],False
896,[17228.0],[1657.0],[1.0],[15.0],False
897,[17233.0],[531.0],[3.0],[34.0],False
898,[17338.0],[572.0],[2.0],[32.0],False
899,[17356.0],[2973.0],[1.0],[8.0],False
900,[17369.0],[879.0 3635.0],[4.0],[6.0 25.0],False
901,[17380.0],[1769.0],[8.0],[14.0],False
902,[17424.0],[1654.0],[2.0],[15.0],False
903,[17482.0],[3636.0],[1.0],[6.0],False
904,[17509.0],[1657.0],[4.0],[15.0],False
905,[17639.0],[236.0],[1.0],[51.0],False
906,[17648.0],[4576.0],[1.0],[4.0],False
907,[17651.0],[398.0],[34.0],[40.0],False
908,[17656.0],[1921.0],[2.0],[13.0],False
909,[17661.0],[1102.0],[1.0],[21.0],False
910,[17673.0],[1642.0],[1.0],[15.0],False
911,[17698.0],[258.0],[1.0],[49.0],False
912,[17710.0],[2494.0],[1.0],[10.0],False
913,[17718.0],[5954.0],[2.0],[2.0],True
914,[17720.0],[251.0],[1.0],[50.0],False
915,[17727.0],[3641.0],[1.0],[6.0],False
916,[17737.0],[187.0],[1.0],[56.0],False
917,[17781.0],[1335.0],[1.0],[18.0],False
918,[17783.0],[3634.0],[1.0],[6.0],False
919,[17818.0],[717.0],[1.0],[28.0],False
920,[17848.0],[1023.0],[2.0],[22.0],False
921,[18051.0],[114.0],[24.0],[68.0],False
922,[18062.0],[4068.0],[1.0],[5.0],False
923,[18068.0],[148.0],[1.0],[62.0],False
924,[18087.0],[2711.0 4075.0],[3.0],[5.0 9.0],False
925,[18109.0],[1256.0],[2.0],[19.0],False
926,[18119.0],[2102.0],[2.0],[12.0],False
927,[18127.0],[3647.0],[1.0],[6.0],False
928,[18129.0],[458.0],[1.0],[37.0],False
929,[18137.0],[2285.0],[4.0],[11.0],False
930,[18164.0],[4056.0],[1.0],[5.0],False
931,[18165.0],[817.0],[8.0],[26.0],False
932,[18172.0],[297.0],[8.0],[46.0],False
933,[18208.0],[1107.0],[1.0],[21.0],False
934,[18216.0],[1932.0],[3.0],[13.0],False
935,[18223.0],[3283.0],[1.0],[7.0],False
936,[18231.0],[977.0],[3.0],[23.0],False
937,[18354.0],[2097.0],[1.0],[12.0],False
938,[18374.0],[439.0],[4.0],[38.0],False
939,[18379.0],[498.0],[1.0],[35.0],False
940,[18429.0],[3288.0],[4.0],[7.0],False
941,[18433.0],[3636.0],[1.0],[6.0],False
942,[18708.0],[5245.0],[1.0],[3.0],False
943,[18718.0],[4068.0],[3.0],[5.0],False
944,[18730.0],[687.0 4590.0],[4.0],[4.0 29.0],False
945,[18734.0],[1431.0],[1.0],[17.0],False
946,[18738.0],[2491.0 2985.0],[5.0],[8.0 10.0],False
947,[18748.0],[220.0],[13.0],[53.0],False
948,[18752.0],[197.0],[39.0],[55.0],False
949,[18771.0],[1115.0],[7.0],[21.0],False
950,[18811.0],[879.0 1532.0],[2.0],[16.0 25.0],False
951,[18872.0],[156.0],[7.0],[61.0],False
952,[18883.0],[874.0],[1.0],[25.0],False
953,[18891.0],[243.0],[1.0],[50.0],False
954,[18894.0],[1654.0],[1.0],[15.0],False
955,[18949.0],[3644.0 3665.0],[2.0],[6.0],False
956,[18985.0],[5243.0],[1.0],[3.0],False
957,[19030.0],[4603.0 6004.0],[3.0],[2.0 4.0],False
958,[19235.0],[1645.0],[2.0],[15.0],False
959,[19244.0],[4076.0],[2.0],[5.0],False
960,[19278.0],[500.0],[1.0],[35.0],False
961,[19281.0],[2732.0],[7.0],[9.0],False
962,[19304.0],[2721.0],[3.0],[9.0],False
963,[19644.0],[182.0],[25.0],[57.0],False
964,[19654.0],[2976.0],[3.0],[8.0],False
965,[19660.0],[460.0],[4.0],[37.0],False
966,[19675.0],[687.0],[1.0],[29.0],False
967,[19677.0],[1527.0],[2.0],[16.0],False
968,[19681.0],[295.0],[6.0],[46.0],False
969,[19689.0],[4075.0],[4.0],[5.0],False
970,[19708.0],[2294.0],[5.0],[11.0],False
971,[19723.0],[237.0 4621.0],[2.0],[4.0 51.0],False
972,[19725.0],[458.0],[7.0],[37.0],False
973,[19782.0],[4600.0],[1.0],[4.0],False
974,[19836.0],[4088.0 4601.0],[3.0],[4.0 5.0],False
975,[19871.0],[2101.0],[5.0],[12.0],False
976,[19881.0],[2730.0],[6.0],[9.0],False
977,[19888.0],[874.0],[1.0],[25.0],False
978,[19903.0],[1118.0],[1.0],[21.0],False
979,[19941.0],[1105.0],[4.0],[21.0],False
980,[19986.0],[1657.0],[1.0],[15.0],False
981,[20249.0],[506.0],[14.0],[35.0],False
982,[20251.0],[4076.0 5981.0],[2.0],[2.0 5.0],False
983,[20277.0],[4068.0],[1.0],[5.0],False
984,[20303.0],[2304.0],[3.0],[11.0],False
985,[20313.0],[925.0],[2.0],[24.0],False
986,[20323.0],[3667.0],[1.0],[6.0],False
987,[20339.0],[1184.0 1947.0],[8.0],[13.0 20.0],False
988,[20362.0],[582.0 2102.0 4092.0],[12.0],[5.0 12.0 32.0],False
989,[20387.0],[175.0 2513.0],[2.0],[10.0 58.0],False
990,[20388.0],[881.0],[25.0],[25.0],True
991,[20411.0],[1187.0],[1.0],[20.0],False
992,[20417.0],[1934.0],[5.0],[13.0],False
993,[20423.0],[2510.0 3339.0],[10.0],[7.0 10.0],False
994,[20481.0],[4602.0],[1.0],[4.0],False
995,[20511.0],[4602.0],[1.0],[4.0],False
996,[20589.0],[2109.0],[1.0],[12.0],False
997,[20595.0],[2099.0],[3.0],[12.0],False
998,[20654.0],[205.0],[1.0],[54.0],False
999,[20676.0],[1329.0],[1.0],[18.0],False
1000,[20678.0],[1117.0],[1.0],[21.0],False
1001,[20692.0],[1329.0],[1.0],[18.0],False
1002,[20717.0],[880.0],[1.0],[25.0],False
1003,[20729.0],[573.0],[10.0],[32.0],False
1004,[21028.0],[1650.0],[2.0],[15.0],False
1005,[21037.0],[2104.0],[1.0],[12.0],False
1006,[21050.0],[4611.0],[1.0],[4.0],False
1007,[21073.0],[1431.0],[1.0],[17.0],False
1008,[21077.0],[178.0],[7.0],[58.0],False
1009,[21081.0],[4614.0],[2.0],[4.0],False
1010,[21124.0],[99.0],[2.0],[71.0],False
1011,[21129.0],[55.0],[28.0],[85.0],False
1012,[21130.0],[1111.0],[7.0],[21.0],False
1013,[21133.0],[30.0],[5.0],[99.0],False
1014,[21137.0],[2512.0],[8.0],[10.0],False
1015,[21149.0],[1936.0],[3.0],[13.0],False
1016,[21161.0],[1776.0],[7.0],[14.0],False
1017,[21170.0],[4628.0],[1.0],[4.0],False
1018,[21208.0],[4087.0],[1.0],[5.0],False
1019,[21215.0],[1536.0],[1.0],[16.0],False
1020,[21334.0],[1260.0],[2.0],[19.0],False
1021,[21485.0],[1023.0],[3.0],[22.0],False
1022,[21749.0],[2744.0],[8.0],[9.0],False
1023,[21754.0],[4076.0],[1.0],[5.0],False
1024,[21796.0],[5268.0],[1.0],[3.0],False
1025,[21801.0],[1431.0 5991.0],[3.0],[2.0 17.0],False
1026,[21804.0],[2985.0],[2.0],[8.0],False
1027,[21806.0],[979.0],[2.0],[23.0],False
1028,[21825.0],[3667.0],[1.0],[6.0],False
1029,[21829.0],[363.0],[3.0],[42.0],False
1030,[21839.0],[2507.0],[1.0],[10.0],False
1031,[21847.0],[2978.0],[1.0],[8.0],False
1032,[21858.0],[2102.0],[1.0],[12.0],False
1033,[21866.0],[3303.0],[3.0],[7.0],False
1034,[21870.0],[109.0],[1.0],[69.0],False
1035,[21881.0],[175.0 2513.0],[2.0],[10.0 58.0],False
1036,[21899.0],[981.0],[1.0],[23.0],False
1037,[21908.0],[5273.0],[1.0],[3.0],False
1038,[21915.0],[2297.0],[4.0],[11.0],False
1039,[21917.0],[4103.0],[1.0],[5.0],False
1040,[21924.0],[817.0],[1.0],[26.0],False
1041,[21937.0],[285.0],[24.0],[47.0],False
1042,[21986.0],[5281.0],[1.0],[3.0],False
1043,[21993.0],[873.0 3309.0],[9.0],[7.0 25.0],False
1044,[22000.0],[4618.0],[1.0],[4.0],False
1045,[22003.0],[251.0],[1.0],[50.0],False
1046,[22031.0],[334.0],[7.0],[44.0],False
1047,[22110.0],[208.0 423.0],[2.0],[39.0 54.0],False
1048,[22130.0],[880.0],[2.0],[25.0],False
1049,[22149.0],[2305.0 6002.0],[3.0],[2.0 11.0],False
1050,[22189.0],[1105.0],[3.0],[21.0],False
1051,[22244.0],[321.0],[2.0],[45.0],False
1052,[22496.0],[1336.0],[10.0],[18.0],False
1053,[22516.0],[168.0],[2.0],[59.0],False
1054,[22564.0],[175.0 2513.0],[2.0],[10.0 58.0],False
1055,[22574.0],[5993.0],[1.0],[2.0],False
1056,[22588.0],[3000.0],[1.0],[8.0],False
1057,[22606.0],[1932.0],[1.0],[13.0],False
1058,[22652.0],[2108.0],[1.0],[12.0],False
1059,[22673.0],[185.0],[1.0],[57.0],False
1060,[22737.0],[1777.0],[1.0],[14.0],False
1061,[22738.0],[207.0],[1.0],[54.0],False
1062,[22812.0],[6003.0],[1.0],[2.0],False
1063,[22824.0],[3669.0],[3.0],[6.0],False
1064,[22957.0],[1528.0],[4.0],[16.0],False
1065,[22976.0],[781.0],[2.0],[27.0],False
1066,[22984.0],[725.0],[3.0],[28.0],False
1067,[23003.0],[2985.0],[1.0],[8.0],False
1068,[23007.0],[1439.0],[1.0],[17.0],False
1069,[23008.0],[1431.0],[1.0],[17.0],False
1070,[23015.0],[157.0],[10.0],[61.0],False
1071,[23022.0],[3667.0 4650.0],[2.0],[4.0 6.0],False
1072,[23030.0],[431.0],[1.0],[39.0],False
1073,[23043.0],[1184.0],[2.0],[20.0],False
1074,[23046.0],[1189.0],[19.0],[20.0],False
1075,[23057.0],[2989.0],[1.0],[8.0],False
1076,[23075.0],[175.0],[1.0],[58.0],False
1077,[23092.0],[870.0],[6.0],[25.0],False
1078,[23118.0],[3674.0],[1.0],[6.0],False
1079,[23123.0],[533.0],[3.0],[34.0],False
1080,[23137.0],[2747.0],[8.0],[9.0],False
1081,[23155.0],[258.0],[1.0],[49.0],False
1082,[23158.0],[4110.0],[2.0],[5.0],False
1083,[23162.0],[4638.0],[4.0],[4.0],True
1084,[23182.0],[1541.0 4639.0],[3.0],[4.0 16.0],False
1085,[23215.0],[1932.0],[1.0],[13.0],False
1086,[23261.0],[815.0],[1.0],[26.0],False
1087,[23313.0],[6009.0],[2.0],[2.0],True
1088,[23380.0],[2307.0],[6.0],[11.0],False
1089,[23397.0],[1777.0],[1.0],[14.0],False
1090,[23456.0],[531.0],[7.0],[34.0],False
1091,[23515.0],[4627.0],[1.0],[4.0],False
1092,[23712.0],[687.0 990.0 6021.0],[5.0],[2.0 23.0 29.0],False
1093,[23713.0],[1439.0],[1.0],[17.0],False
1094,[23724.0],[2102.0],[3.0],[12.0],False
1095,[23736.0],[175.0 2513.0],[2.0],[10.0 58.0],False
1096,[23739.0],[2114.0],[1.0],[12.0],False
1097,[23740.0],[2740.0],[4.0],[9.0],False
1098,[23743.0],[1656.0],[3.0],[15.0],False
1099,[23747.0],[297.0],[9.0],[46.0],False
1100,[23757.0],[283.0],[8.0],[47.0],False
1101,[23769.0],[3312.0],[2.0],[7.0],False
1102,[23772.0],[1932.0],[2.0],[13.0],False
1103,[23884.0],[1334.0],[1.0],[18.0],False
1104,[23907.0],[1657.0],[2.0],[15.0],False
1105,[24035.0],[3005.0],[7.0],[8.0],False
1106,[24046.0],[177.0 1190.0],[9.0],[20.0 58.0],False
1107,[24048.0],[2317.0],[1.0],[11.0],False
1108,[24052.0],[33.0],[4.0],[98.0],False
1109,[24065.0],[1527.0 3680.0],[2.0],[6.0 16.0],False
1110,[24069.0],[168.0],[4.0],[59.0],False
1111,[24080.0],[990.0],[16.0],[23.0],False
1112,[24085.0],[1431.0],[1.0],[17.0],False
1113,[24105.0],[190.0],[1.0],[56.0],False
1114,[24108.0],[932.0 3695.0],[5.0],[6.0 24.0],False
1115,[24111.0],[11.0],[5.0],[99.0],False
1116,[24116.0],[465.0],[1.0],[37.0],False
1117,[24134.0],[1436.0],[1.0],[17.0],False
1118,[24160.0],[508.0],[2.0],[35.0],False
1119,[24165.0],[1113.0],[4.0],[21.0],False
1120,[24169.0],[871.0 6014.0],[4.0],[2.0 25.0],False
1121,[24170.0],[1808.0 2751.0],[9.0],[9.0 14.0],False
1122,[24174.0],[3000.0],[1.0],[8.0],False
1123,[24305.0],[3687.0],[1.0],[6.0],False
1124,[24361.0],[1538.0],[1.0],[16.0],False
1125,[24380.0],[439.0],[2.0],[38.0],False
1126,[24382.0],[4636.0],[1.0],[4.0],False
1127,[24389.0],[1665.0],[1.0],[15.0],False
1128,[24397.0],[1655.0],[1.0],[15.0],False
1129,[24425.0],[464.0],[1.0],[37.0],False
1130,[24442.0],[6030.0],[2.0],[2.0],True
1131,[24636.0],[990.0],[2.0],[23.0],False
1132,[24643.0],[1431.0],[1.0],[17.0],False
1133,[24654.0],[465.0],[4.0],[37.0],False
1134,[24660.0],[771.0],[2.0],[27.0],False
1135,[24667.0],[928.0],[1.0],[24.0],False
1136,[24669.0],[2513.0],[4.0],[10.0],False
1137,[24675.0],[235.0],[1.0],[51.0],False
1138,[24678.0],[1937.0],[3.0],[13.0],False
1139,[24741.0],[196.0],[3.0],[55.0],False
1140,[25008.0],[268.0],[35.0],[48.0],False
1141,[25014.0],[1440.0],[7.0],[17.0],False
1142,[25020.0],[1253.0],[1.0],[19.0],False
1143,[25031.0],[67.0],[4.0],[79.0],False
1144,[25034.0],[1431.0],[1.0],[17.0],False
1145,[25042.0],[926.0],[2.0],[24.0],False
1146,[25071.0],[419.0 2763.0],[8.0],[9.0 39.0],False
1147,[25095.0],[1536.0],[1.0],[16.0],False
1148,[25104.0],[3313.0],[2.0],[7.0],False
1149,[25182.0],[6033.0],[1.0],[2.0],False
1150,[25187.0],[2321.0],[1.0],[11.0],False
1151,[25239.0],[513.0 4111.0],[5.0],[5.0 35.0],False
1152,[25412.0],[687.0],[4.0],[29.0],False
1153,[25413.0],[1660.0],[3.0],[15.0],False
1154,[25414.0],[4668.0],[4.0],[4.0],True
1155,[25416.0],[727.0],[22.0],[28.0],False
1156,[25420.0],[1442.0],[13.0],[17.0],False
1157,[25428.0],[128.0],[10.0],[65.0],False
1158,[25447.0],[237.0],[4.0],[51.0],False
1159,[25459.0],[1788.0],[6.0],[14.0],False
1160,[25463.0],[3331.0],[4.0],[7.0],False
1161,[25474.0],[81.0],[4.0],[74.0],False
1162,[25493.0],[103.0],[4.0],[70.0],False
1163,[25495.0],[1034.0],[9.0],[22.0],False
1164,[25497.0],[873.0],[1.0],[25.0],False
1165,[25503.0],[463.0],[21.0],[37.0],False
1166,[25507.0],[2994.0],[1.0],[8.0],False
1167,[25534.0],[2122.0],[5.0],[12.0],False
1168,[25625.0],[883.0],[2.0],[25.0],False
1169,[25635.0],[503.0],[2.0],[35.0],False
1170,[25656.0],[3323.0],[1.0],[7.0],False
1171,[25840.0],[2310.0],[4.0],[11.0],False
1172,[25848.0],[2317.0 4685.0],[5.0],[4.0 11.0],False
1173,[25881.0],[405.0],[3.0],[40.0],False
1174,[25890.0],[609.0],[8.0],[31.0],False
1175,[25896.0],[1032.0],[6.0],[22.0],False
1176,[25934.0],[876.0],[1.0],[25.0],False
1177,[25936.0],[1667.0],[2.0],[15.0],False
1178,[25939.0],[487.0],[28.0],[36.0],False
1179,[25941.0],[218.0],[21.0],[53.0],False
1180,[25949.0],[3012.0],[2.0],[8.0],False
1181,[25966.0],[4659.0],[1.0],[4.0],False
1182,[25968.0],[1120.0],[1.0],[21.0],False
1183,[25969.0],[2132.0],[1.0],[12.0],False
1184,[25998.0],[6058.0],[2.0],[2.0],True
1185,[26109.0],[4126.0],[1.0],[5.0],False
1186,[26140.0],[560.0],[1.0],[33.0],False
1187,[26155.0],[2305.0],[1.0],[11.0],False
1188,[26191.0],[3010.0],[6.0],[8.0],False
1189,[26215.0],[45.0],[6.0],[91.0],False
1190,[26219.0],[4137.0],[5.0],[5.0],True
1191,[26420.0],[298.0],[4.0],[46.0],False
1192,[26436.0],[1194.0],[9.0],[20.0],False
1193,[26441.0],[824.0],[1.0],[26.0],False
1194,[26460.0],[4680.0],[1.0],[4.0],False
1195,[26491.0],[722.0],[4.0],[28.0],False
1196,[26515.0],[582.0],[1.0],[32.0],False
1197,[26518.0],[3704.0],[1.0],[6.0],False
1198,[26536.0],[652.0],[9.0],[30.0],False
1199,[26544.0],[135.0],[2.0],[63.0],False
1200,[26548.0],[4143.0 4172.0],[9.0],[5.0],False
1201,[26552.0],[2525.0],[3.0],[10.0],False
1202,[26562.0],[3699.0],[3.0],[6.0],False
1203,[26621.0],[1801.0],[1.0],[14.0],False
1204,[26639.0],[1790.0],[3.0],[14.0],False
1205,[26654.0],[1661.0],[1.0],[15.0],False
1206,[26679.0],[3352.0],[4.0],[7.0],False
1207,[26692.0],[558.0],[5.0],[33.0],False
1208,[26858.0],[4130.0],[1.0],[5.0],False
1209,[26883.0],[3335.0],[1.0],[7.0],False
1210,[26887.0],[464.0],[1.0],[37.0],False
1211,[26930.0],[5319.0],[1.0],[3.0],False
1212,[26947.0],[3701.0],[1.0],[6.0],False
1213,[26984.0],[281.0],[19.0],[47.0],False
1214,[27217.0],[3014.0],[1.0],[8.0],False
1215,[27234.0],[6071.0],[2.0],[2.0],True
1216,[27245.0],[3021.0],[5.0],[8.0],False
1217,[27255.0],[3709.0],[6.0],[6.0],True
1218,[27265.0],[1939.0 3020.0],[2.0],[8.0 13.0],False
1219,[27270.0],[990.0],[2.0],[23.0],False
1220,[27293.0],[3695.0],[3.0],[6.0],False
1221,[27297.0],[2752.0],[3.0],[9.0],False
1222,[27299.0],[1947.0],[6.0],[13.0],False
1223,[27344.0],[3711.0],[6.0],[6.0],True
1224,[27349.0],[4687.0],[1.0],[4.0],False
1225,[27350.0],[3326.0],[1.0],[7.0],False
1226,[27380.0],[1938.0],[3.0],[13.0],False
1227,[27416.0],[987.0],[2.0],[23.0],False
1228,[27444.0],[1784.0],[3.0],[14.0],False
1229,[27472.0],[156.0],[1.0],[61.0],False
1230,[27535.0],[292.0],[1.0],[46.0],False
1231,[27543.0],[1343.0],[3.0],[18.0],False
1232,[27610.0],[1668.0],[5.0],[15.0],False
1233,[27624.0],[2764.0],[2.0],[9.0],False
1234,[27635.0],[464.0],[3.0],[37.0],False
1235,[27873.0],[780.0],[11.0],[27.0],False
1236,[27878.0],[783.0],[4.0],[27.0],False
1237,[27881.0],[1939.0 3020.0],[2.0],[8.0 13.0],False
1238,[27883.0],[3024.0 6120.0],[4.0],[2.0 8.0],False
1239,[27923.0],[462.0],[18.0],[37.0],False
1240,[27926.0],[2132.0],[1.0],[12.0],False
1241,[27961.0],[1940.0],[3.0],[13.0],False
1242,[27964.0],[4688.0],[1.0],[4.0],False
1243,[27990.0],[987.0],[2.0],[23.0],False
1244,[27996.0],[196.0],[1.0],[55.0],False
1245,[28007.0],[1039.0],[2.0],[22.0],False
1246,[28014.0],[585.0],[1.0],[32.0],False
1247,[28092.0],[2524.0],[1.0],[10.0],False
1248,[28117.0],[1538.0],[1.0],[16.0],False
1249,[28226.0],[513.0],[5.0],[35.0],False
1250,[28454.0],[1119.0],[1.0],[21.0],False
1251,[28456.0],[4697.0],[4.0],[4.0],True
1252,[28458.0],[1445.0],[6.0],[17.0],False
1253,[28476.0],[1.0],[29.0],[99.0],False
1254,[28494.0],[3714.0],[1.0],[6.0],False
1255,[28502.0],[990.0],[1.0],[23.0],False
1256,[28532.0],[1962.0],[1.0],[13.0],False
1257,[28574.0],[1667.0],[1.0],[15.0],False
1258,[28576.0],[93.0],[4.0],[72.0],False
1259,[28588.0],[3012.0],[1.0],[8.0],False
1260,[28591.0],[429.0],[2.0],[39.0],False
1261,[28604.0],[587.0],[3.0],[32.0],False
1262,[28606.0],[3358.0],[4.0],[7.0],False
1263,[28610.0],[1961.0],[3.0],[13.0],False
1264,[28615.0],[511.0],[2.0],[35.0],False
1265,[28618.0],[4698.0],[1.0],[4.0],False
1266,[28663.0],[1801.0],[2.0],[14.0],False
1267,[28684.0],[887.0],[1.0],[25.0],False
1268,[28710.0],[283.0],[3.0],[47.0],False
1269,[28718.0],[585.0],[5.0],[32.0],False
1270,[28734.0],[156.0],[1.0],[61.0],False
1271,[28762.0],[2530.0],[3.0],[10.0],False
1272,[28805.0],[4695.0],[1.0],[4.0],False
1273,[28827.0],[223.0],[6.0],[52.0],False
1274,[28969.0],[5336.0],[1.0],[3.0],False
1275,[29007.0],[2537.0],[3.0],[10.0],False
1276,[29288.0],[3347.0],[2.0],[7.0],False
1277,[29290.0],[1939.0 3020.0],[2.0],[8.0 13.0],False
1278,[29293.0],[661.0],[27.0],[30.0],False
1279,[29294.0],[5339.0],[2.0],[3.0],False
1280,[29302.0],[1347.0],[6.0],[18.0],False
1281,[29313.0],[778.0],[1.0],[27.0],False
1282,[29329.0],[4163.0],[3.0],[5.0],False
1283,[29345.0],[2134.0],[1.0],[12.0],False
1284,[29380.0],[6091.0],[1.0],[2.0],False
1285,[29396.0],[1960.0],[1.0],[13.0],False
1286,[29414.0],[614.0],[4.0],[31.0],False
1287,[29449.0],[5343.0],[3.0],[3.0],True
1288,[29490.0],[2322.0],[1.0],[11.0],False
1289,[29519.0],[580.0],[1.0],[32.0],False
1290,[29637.0],[3362.0],[3.0],[7.0],False
1291,[29649.0],[1939.0 3020.0],[2.0],[8.0 13.0],False
1292,[29651.0],[3024.0 6120.0 6133.0],[3.0],[2.0 8.0],False
1293,[29671.0],[123.0],[8.0],[66.0],False
1294,[29680.0],[109.0],[1.0],[69.0],False
1295,[29683.0],[3722.0],[6.0],[6.0],True
1296,[29687.0],[209.0],[2.0],[54.0],False
1297,[29699.0],[699.0],[1.0],[29.0],False
1298,[29700.0],[74.0],[27.0],[78.0],False
1299,[29711.0],[4704.0],[1.0],[4.0],False
1300,[29719.0],[383.0],[4.0],[41.0],False
1301,[29724.0],[2315.0],[1.0],[11.0],False
1302,[29738.0],[3356.0],[1.0],[7.0],False
1303,[29769.0],[3027.0],[7.0],[8.0],False
1304,[29790.0],[4150.0],[1.0],[5.0],False
1305,[29831.0],[205.0],[2.0],[54.0],False
1306,[29886.0],[1033.0],[1.0],[22.0],False
1307,[29894.0],[5336.0],[1.0],[3.0],False
1308,[30054.0],[461.0],[7.0],[37.0],False
1309,[30064.0],[896.0 3712.0],[4.0],[6.0 25.0],False
1310,[30065.0],[3347.0],[1.0],[7.0],False
1311,[30068.0],[830.0],[26.0],[26.0],True
1312,[30071.0],[1664.0],[1.0],[15.0],False
1313,[30073.0],[98.0],[7.0],[71.0],False
1314,[30075.0],[5339.0 5361.0],[2.0],[3.0],False
1315,[30078.0],[157.0],[1.0],[61.0],False
1316,[30104.0],[99.0],[3.0],[71.0],False
1317,[30106.0],[421.0],[9.0],[39.0],False
1318,[30112.0],[429.0 1949.0],[2.0],[13.0 39.0],False
1319,[30124.0],[3370.0],[5.0],[7.0],False
1320,[30154.0],[1541.0],[1.0],[16.0],False
1321,[30155.0],[5341.0],[1.0],[3.0],False
1322,[30169.0],[5341.0],[1.0],[3.0],False
1323,[30172.0],[2137.0],[1.0],[12.0],False
1324,[30198.0],[4175.0],[1.0],[5.0],False
1325,[30327.0],[736.0],[7.0],[28.0],False
1326,[30554.0],[506.0],[11.0],[35.0],False
1327,[30567.0],[783.0],[6.0],[27.0],False
1328,[30570.0],[3020.0],[2.0],[8.0],False
1329,[30572.0],[1548.0],[14.0],[16.0],False
1330,[30576.0],[894.0],[5.0],[25.0],False
1331,[30577.0],[48.0],[1.0],[89.0],False
1332,[30588.0],[1052.0 1947.0],[8.0],[13.0 22.0],False
1333,[30589.0],[189.0],[25.0],[56.0],False
1334,[30594.0],[1451.0],[6.0],[17.0],False
1335,[30599.0],[429.0 1949.0],[2.0],[13.0 39.0],False
1336,[30600.0],[3033.0],[2.0],[8.0],False
1337,[30602.0],[2331.0],[4.0],[11.0],False
1338,[30605.0],[42.0],[1.0],[93.0],False
1339,[30612.0],[6104.0],[2.0],[2.0],True
1340,[30634.0],[698.0],[25.0],[29.0],False
1341,[30637.0],[888.0],[2.0],[25.0],False
1342,[30667.0],[1126.0],[1.0],[21.0],False
1343,[30688.0],[4727.0],[1.0],[4.0],False
1344,[30693.0],[1126.0],[1.0],[21.0],False
1345,[30700.0],[3022.0],[1.0],[8.0],False
1346,[30710.0],[292.0],[1.0],[46.0],False
1347,[30838.0],[662.0],[1.0],[30.0],False
1348,[31014.0],[3021.0],[1.0],[8.0],False
1349,[31019.0],[114.0 5360.0],[2.0],[3.0 68.0],False
1350,[31025.0],[2143.0],[12.0],[12.0],True
1351,[31029.0],[4748.0 5361.0],[3.0],[3.0 4.0],False
1352,[31031.0],[2775.0],[7.0],[9.0],False
1353,[31034.0],[4186.0 5377.0],[2.0],[3.0 5.0],False
1354,[31046.0],[46.0],[7.0],[91.0],False
1355,[31068.0],[1808.0],[9.0],[14.0],False
1356,[31073.0],[2548.0],[7.0],[10.0],False
1357,[31091.0],[534.0],[19.0],[34.0],False
1358,[31097.0],[1803.0],[6.0],[14.0],False
1359,[31136.0],[292.0],[2.0],[46.0],False
1360,[31238.0],[784.0],[2.0],[27.0],False
1361,[31417.0],[823.0],[8.0],[26.0],False
1362,[31418.0],[1271.0],[4.0],[19.0],False
1363,[31420.0],[536.0],[1.0],[34.0],False
1364,[31427.0],[114.0 5360.0],[21.0],[3.0 68.0],False
1365,[31433.0],[990.0],[1.0],[23.0],False
1366,[31439.0],[3024.0],[1.0],[8.0],False
1367,[31461.0],[30.0],[10.0],[99.0],False
1368,[31468.0],[4178.0],[1.0],[5.0],False
1369,[31471.0],[135.0],[22.0],[63.0],False
1370,[31474.0],[429.0 1949.0],[2.0],[13.0 39.0],False
1371,[31475.0],[4738.0],[3.0],[4.0],False
1372,[31486.0],[336.0],[5.0],[44.0],False
1373,[31488.0],[1809.0],[1.0],[14.0],False
1374,[31491.0],[4740.0],[1.0],[4.0],False
1375,[31495.0],[1811.0],[11.0],[14.0],False
1376,[31526.0],[1801.0],[2.0],[14.0],False
1377,[31532.0],[1814.0],[8.0],[14.0],False
1378,[31536.0],[2769.0],[1.0],[9.0],False
1379,[31556.0],[58.0],[2.0],[82.0],False
1380,[31561.0],[890.0],[4.0],[25.0],False
1381,[31576.0],[156.0],[2.0],[61.0],False
1382,[31586.0],[4194.0],[1.0],[5.0],False
1383,[31641.0],[3733.0],[1.0],[6.0],False
1384,[31678.0],[5365.0],[1.0],[3.0],False
1385,[31683.0],[3735.0],[1.0],[6.0],False
1386,[31727.0],[1679.0],[1.0],[15.0],False
1387,[31743.0],[1946.0],[1.0],[13.0],False
1388,[31744.0],[3728.0],[1.0],[6.0],False
1389,[31977.0],[1274.0],[16.0],[19.0],False
1390,[31980.0],[700.0],[1.0],[29.0],False
1391,[31981.0],[1817.0],[7.0],[14.0],False
1392,[31983.0],[1678.0],[4.0],[15.0],False
1393,[31984.0],[9.0],[2.0],[99.0],False
1394,[31994.0],[1965.0],[4.0],[13.0],False
1395,[32003.0],[1552.0],[9.0],[16.0],False
1396,[32005.0],[834.0],[2.0],[26.0],False
1397,[32006.0],[271.0 1443.0],[12.0],[17.0 48.0],False
1398,[32008.0],[2343.0],[6.0],[11.0],False
1399,[32122.0],[2558.0 5365.0],[6.0],[3.0 10.0],False
1400,[32295.0],[2570.0 3381.0],[7.0],[7.0 10.0],False
1401,[32304.0],[114.0],[1.0],[68.0],False
1402,[32309.0],[5374.0],[2.0],[3.0],False
1403,[32312.0],[783.0 3760.0],[6.0],[6.0 27.0],False
1404,[32315.0],[700.0],[7.0],[29.0],False
1405,[32322.0],[1465.0 4749.0],[12.0],[4.0 17.0],False
1406,[32324.0],[1347.0],[2.0],[18.0],False
1407,[32327.0],[465.0],[1.0],[37.0],False
1408,[32333.0],[320.0],[21.0],[45.0],False
1409,[32334.0],[429.0],[1.0],[39.0],False
1410,[32345.0],[1047.0],[11.0],[22.0],False
1411,[32351.0],[271.0],[1.0],[48.0],False
1412,[32381.0],[2779.0],[3.0],[9.0],False
1413,[32494.0],[208.0],[1.0],[54.0],False
1414,[32643.0],[1815.0],[1.0],[14.0],False
1415,[32645.0],[299.0 1264.0],[3.0],[19.0 46.0],False
1416,[32649.0],[2147.0],[6.0],[12.0],False
1417,[32651.0],[4748.0],[2.0],[4.0],False
1418,[32652.0],[4196.0],[1.0],[5.0],False
1419,[32653.0],[6133.0],[1.0],[2.0],False
1420,[32663.0],[831.0],[2.0],[26.0],False
1421,[32665.0],[363.0],[1.0],[42.0],False
1422,[32667.0],[2342.0],[4.0],[11.0],False
1423,[32679.0],[933.0],[4.0],[24.0],False
1424,[32693.0],[237.0],[1.0],[51.0],False
1425,[32694.0],[209.0],[1.0],[54.0],False
1426,[32698.0],[587.0],[10.0],[32.0],False
1427,[32705.0],[1959.0],[1.0],[13.0],False
1428,[32714.0],[1054.0],[20.0],[22.0],False
1429,[32718.0],[3367.0],[1.0],[7.0],False
1430,[32726.0],[1131.0],[1.0],[21.0],False
1431,[32821.0],[4743.0],[2.0],[4.0],False
1432,[32854.0],[5397.0],[1.0],[3.0],False
1433,[32885.0],[4746.0],[2.0],[4.0],False
1434,[32889.0],[1554.0],[1.0],[16.0],False
1435,[32972.0],[3380.0],[1.0],[7.0],False
1436,[33110.0],[262.0],[5.0],[49.0],False
1437,[33116.0],[4748.0 6152.0],[2.0],[2.0 4.0],False
1438,[33119.0],[483.0],[17.0],[36.0],False
1439,[33130.0],[2783.0],[1.0],[9.0],False
1440,[33131.0],[485.0],[2.0],[36.0],False
1441,[33133.0],[1347.0 4207.0],[4.0],[5.0 18.0],False
1442,[33136.0],[465.0],[1.0],[37.0],False
1443,[33140.0],[13.0],[6.0],[99.0],False
1444,[33146.0],[93.0],[1.0],[72.0],False
1445,[33149.0],[235.0],[2.0],[51.0],False
1446,[33150.0],[429.0],[19.0],[39.0],False
1447,[33156.0],[1275.0],[16.0],[19.0],False
1448,[33165.0],[2339.0],[1.0],[11.0],False
1449,[33172.0],[6144.0],[1.0],[2.0],False
1450,[33210.0],[1136.0],[3.0],[21.0],False
1451,[33211.0],[3743.0],[1.0],[6.0],False
1452,[33212.0],[448.0],[2.0],[38.0],False
1453,[33225.0],[361.0],[1.0],[42.0],False
1454,[33263.0],[5396.0],[1.0],[3.0],False
1455,[33284.0],[5397.0],[1.0],[3.0],False
1456,[33297.0],[4746.0],[1.0],[4.0],False
1457,[33304.0],[3382.0],[1.0],[7.0],False
1458,[33312.0],[6139.0],[1.0],[2.0],False
1459,[33330.0],[736.0],[1.0],[28.0],False
1460,[33347.0],[5406.0],[2.0],[3.0],False
1461,[33373.0],[2550.0],[1.0],[10.0],False
1462,[33379.0],[3380.0],[1.0],[7.0],False
1463,[33503.0],[6.0],[16.0],[99.0],False
1464,[33504.0],[4766.0],[1.0],[4.0],False
1465,[33507.0],[48.0],[2.0],[89.0],False
1466,[33508.0],[1351.0],[8.0],[18.0],False
1467,[33509.0],[4207.0],[2.0],[5.0],False
1468,[33512.0],[304.0],[1.0],[46.0],False
1469,[33514.0],[421.0],[2.0],[39.0],False
1470,[33520.0],[2154.0],[9.0],[12.0],False
1471,[33546.0],[1682.0],[2.0],[15.0],False
1472,[33623.0],[5412.0],[1.0],[3.0],False
1473,[33703.0],[3745.0],[2.0],[6.0],False
1474,[33715.0],[2155.0],[11.0],[12.0],False
1475,[33716.0],[1815.0],[1.0],[14.0],False
1476,[33718.0],[1450.0],[5.0],[17.0],False
1477,[33722.0],[57.0],[1.0],[84.0],False
1478,[33724.0],[8.0],[2.0],[99.0],False
1479,[33728.0],[1052.0],[2.0],[22.0],False
1480,[33730.0],[3053.0],[4.0],[8.0],False
1481,[33731.0],[304.0],[1.0],[46.0],False
1482,[33736.0],[2162.0],[12.0],[12.0],True
1483,[33738.0],[42.0],[17.0],[93.0],False
1484,[33743.0],[3747.0],[2.0],[6.0],False
1485,[33749.0],[1131.0],[1.0],[21.0],False
1486,[33757.0],[4767.0],[1.0],[4.0],False
1487,[33760.0],[486.0],[16.0],[36.0],False
1488,[33769.0],[557.0],[2.0],[33.0],False
1489,[33777.0],[1560.0],[9.0],[16.0],False
1490,[33841.0],[6157.0],[1.0],[2.0],False
1491,[34034.0],[2366.0 2557.0],[13.0],[10.0 11.0],False
1492,[34035.0],[1462.0],[10.0],[17.0],False
1493,[34039.0],[219.0],[10.0],[53.0],False
1494,[34041.0],[2552.0],[1.0],[10.0],False
1495,[34044.0],[1685.0],[14.0],[15.0],False
1496,[34048.0],[178.0 5468.0],[9.0],[3.0 58.0],False
1497,[34052.0],[1206.0],[6.0],[20.0],False
1498,[34053.0],[3048.0],[5.0],[8.0],False
1499,[34054.0],[1355.0 1822.0],[3.0],[14.0 18.0],False
1500,[34058.0],[2161.0],[10.0],[12.0],False
1501,[34059.0],[444.0],[1.0],[38.0],False
1502,[34063.0],[4202.0],[1.0],[5.0],False
1503,[34071.0],[537.0 3397.0],[9.0],[7.0 34.0],False
1504,[34072.0],[2565.0],[3.0],[10.0],False
1505,[34081.0],[6163.0],[2.0],[2.0],True
1506,[34091.0],[1682.0],[1.0],[15.0],False
1507,[34114.0],[3753.0],[3.0],[6.0],False
1508,[34155.0],[736.0],[8.0],[28.0],False
1509,[34212.0],[1135.0],[5.0],[21.0],False
1510,[34290.0],[4786.0],[2.0],[4.0],False
1511,[34292.0],[1570.0],[1.0],[16.0],False
1512,[34294.0],[2783.0],[1.0],[9.0],False
1513,[34299.0],[1053.0],[1.0],[22.0],False
1514,[34309.0],[1693.0],[15.0],[15.0],True
1515,[34310.0],[511.0],[14.0],[35.0],False
1516,[34316.0],[6175.0],[1.0],[2.0],False
1517,[34317.0],[3752.0],[1.0],[6.0],False
1518,[34326.0],[1199.0],[1.0],[20.0],False
1519,[34327.0],[183.0],[1.0],[57.0],False
1520,[34329.0],[1039.0],[1.0],[22.0],False
1521,[34334.0],[5428.0],[3.0],[3.0],True
1522,[34342.0],[733.0],[15.0],[28.0],False
1523,[34344.0],[890.0],[8.0],[25.0],False
1524,[34381.0],[1470.0],[3.0],[17.0],False
1525,[34393.0],[2159.0],[1.0],[12.0],False
1526,[34408.0],[2145.0],[1.0],[12.0],False
1527,[34411.0],[1124.0 5434.0],[2.0],[3.0 21.0],False
1528,[34440.0],[1369.0],[1.0],[18.0],False
1529,[34442.0],[1679.0],[1.0],[15.0],False
1530,[34452.0],[1210.0],[11.0],[20.0],False
1531,[34590.0],[2782.0],[3.0],[9.0],False
1532,[34598.0],[157.0],[3.0],[61.0],False
1533,[34601.0],[2794.0],[7.0],[9.0],False
1534,[34605.0],[82.0],[14.0],[74.0],False
1535,[34607.0],[1459.0],[12.0],[17.0],False
1536,[34627.0],[1140.0],[1.0],[21.0],False
1537,[34641.0],[1470.0],[3.0],[17.0],False
1538,[34773.0],[1281.0],[12.0],[19.0],False
1539,[34775.0],[124.0],[2.0],[66.0],False
1540,[34776.0],[1127.0],[1.0],[21.0],False
1541,[34784.0],[510.0 6185.0],[2.0],[2.0 35.0],False
1542,[34790.0],[694.0],[2.0],[29.0],False
1543,[34792.0],[1973.0],[4.0],[13.0],False
1544,[34793.0],[169.0],[13.0],[59.0],False
1545,[34799.0],[1277.0],[6.0],[19.0],False
1546,[34801.0],[3061.0],[2.0],[8.0],False
1547,[34823.0],[897.0],[1.0],[25.0],False
1548,[34828.0],[196.0],[1.0],[55.0],False
1549,[34831.0],[423.0],[1.0],[39.0],False
1550,[34845.0],[427.0],[1.0],[39.0],False
1551,[34858.0],[6186.0],[1.0],[2.0],False
1552,[34987.0],[1049.0],[12.0],[22.0],False
1553,[34990.0],[1984.0],[11.0],[13.0],False
1554,[34993.0],[4785.0 4810.0],[2.0],[4.0],False
1555,[34995.0],[3760.0],[2.0],[6.0],False
1556,[34999.0],[785.0],[2.0],[27.0],False
1557,[35001.0],[508.0],[8.0],[35.0],False
1558,[35003.0],[488.0],[5.0],[36.0],False
1559,[35016.0],[196.0],[1.0],[55.0],False
1560,[35115.0],[2791.0],[1.0],[9.0],False
1561,[35116.0],[1279.0],[9.0],[19.0],False
1562,[35117.0],[1127.0],[1.0],[21.0],False
1563,[35118.0],[536.0 5498.0],[6.0],[3.0 34.0],False
1564,[35123.0],[659.0],[6.0],[30.0],False
1565,[35126.0],[1564.0],[8.0],[16.0],False
1566,[35129.0],[1548.0],[2.0],[16.0],False
1567,[35132.0],[446.0],[1.0],[38.0],False
1568,[35137.0],[8.0],[3.0],[99.0],False
1569,[35140.0],[1691.0 1692.0],[4.0],[15.0],False
1570,[35142.0],[1347.0],[1.0],[18.0],False
1571,[35143.0],[692.0],[10.0],[29.0],False
1572,[35144.0],[1467.0],[7.0],[17.0],False
1573,[35145.0],[1833.0],[11.0],[14.0],False
1574,[35146.0],[3080.0 4217.0],[7.0],[5.0 8.0],False
1575,[35162.0],[1364.0],[9.0],[18.0],False
1576,[35165.0],[1552.0],[1.0],[16.0],False
1577,[35166.0],[2347.0],[1.0],[11.0],False
1578,[35168.0],[5437.0],[1.0],[3.0],False
1579,[35172.0],[2383.0],[1.0],[11.0],False
1580,[35174.0],[2351.0],[1.0],[11.0],False
1581,[35175.0],[285.0],[11.0],[47.0],False
1582,[35178.0],[3411.0],[4.0],[7.0],False
1583,[35182.0],[1372.0 3770.0],[8.0],[6.0 18.0],False
1584,[35188.0],[2173.0],[11.0],[12.0],False
1585,[35196.0],[557.0],[11.0],[33.0],False
1586,[35199.0],[739.0],[3.0],[28.0],False
1587,[35205.0],[2002.0],[1.0],[13.0],False
1588,[35216.0],[2804.0],[3.0],[9.0],False
1589,[35224.0],[1695.0],[11.0],[15.0],False
1590,[35235.0],[302.0],[1.0],[46.0],False
1591,[35247.0],[787.0],[1.0],[27.0],False
1592,[35250.0],[4804.0],[2.0],[4.0],False
1593,[35288.0],[1569.0],[1.0],[16.0],False
1594,[35307.0],[1360.0],[4.0],[18.0],False
1595,[35406.0],[1138.0],[7.0],[21.0],False
1596,[35417.0],[1999.0],[3.0],[13.0],False
1597,[35418.0],[2600.0],[1.0],[10.0],False
1598,[35422.0],[3053.0 3071.0],[2.0],[8.0],False
1599,[35423.0],[1053.0],[2.0],[22.0],False
1600,[35426.0],[1468.0],[7.0],[17.0],False
1601,[35429.0],[4816.0],[4.0],[4.0],True
1602,[35432.0],[1282.0],[10.0],[19.0],False
1603,[35482.0],[6200.0],[1.0],[2.0],False
1604,[35600.0],[2578.0],[3.0],[10.0],False
1605,[35601.0],[4227.0],[2.0],[5.0],False
1606,[35603.0],[691.0],[1.0],[29.0],False
1607,[35604.0],[2365.0],[7.0],[11.0],False
1608,[35611.0],[2164.0],[1.0],[12.0],False
1609,[35614.0],[405.0],[9.0],[40.0],False
1610,[35615.0],[211.0],[5.0],[54.0],False
1611,[35616.0],[88.0],[9.0],[73.0],False
1612,[35617.0],[2169.0],[9.0],[12.0],False
1613,[35619.0],[1987.0],[4.0],[13.0],False
1614,[35622.0],[894.0],[2.0],[25.0],False
1615,[35624.0],[2380.0],[1.0],[11.0],False
1616,[35628.0],[2378.0],[9.0],[11.0],False
1617,[35629.0],[5.0],[8.0],[99.0],False
1618,[35630.0],[4814.0],[2.0],[4.0],False
1619,[35631.0],[613.0],[8.0],[31.0],False
1620,[35633.0],[1052.0],[3.0],[22.0],False
1621,[35636.0],[615.0],[4.0],[31.0],False
1622,[35639.0],[2585.0],[9.0],[10.0],False
1623,[35647.0],[2172.0],[1.0],[12.0],False
1624,[35651.0],[2353.0],[1.0],[11.0],False
1625,[35653.0],[1701.0],[4.0],[15.0],False
1626,[35660.0],[6208.0],[1.0],[2.0],False
1627,[35661.0],[3803.0 4818.0],[8.0],[4.0 6.0],False
1628,[35665.0],[283.0],[1.0],[47.0],False
1629,[35671.0],[2796.0],[1.0],[9.0],False
1630,[35718.0],[130.0],[1.0],[65.0],False
1631,[35726.0],[996.0],[1.0],[23.0],False
1632,[35730.0],[736.0],[9.0],[28.0],False
1633,[35761.0],[6215.0],[1.0],[2.0],False
1634,[35849.0],[1980.0],[1.0],[13.0],False
1635,[35853.0],[1143.0],[8.0],[21.0],False
1636,[35855.0],[3423.0],[4.0],[7.0],False
1637,[35865.0],[2000.0],[3.0],[13.0],False
1638,[35868.0],[2.0],[5.0],[99.0],False
1639,[35872.0],[4241.0 6217.0],[3.0],[2.0 5.0],False
1640,[35875.0],[1209.0],[8.0],[20.0],False
1641,[35877.0],[8.0],[3.0],[99.0],False
1642,[35879.0],[5477.0],[1.0],[3.0],False
1643,[35889.0],[1474.0],[2.0],[17.0],False
1644,[35904.0],[2588.0],[8.0],[10.0],False
1645,[35908.0],[1140.0],[2.0],[21.0],False
1646,[35911.0],[3089.0],[4.0],[8.0],False
1647,[35923.0],[3415.0],[3.0],[7.0],False
1648,[35969.0],[2174.0],[6.0],[12.0],False
1649,[36092.0],[1831.0],[7.0],[14.0],False
1650,[36096.0],[1997.0],[1.0],[13.0],False
1651,[36104.0],[3076.0],[7.0],[8.0],False
1652,[36108.0],[1689.0],[7.0],[15.0],False
1653,[36112.0],[406.0],[5.0],[40.0],False
1654,[36113.0],[1838.0],[1.0],[14.0],False
1655,[36117.0],[3070.0],[4.0],[8.0],False
1656,[36118.0],[2817.0],[1.0],[9.0],False
1657,[36123.0],[3098.0],[1.0],[8.0],False
1658,[36126.0],[2818.0],[6.0],[9.0],False
1659,[36127.0],[694.0],[5.0],[29.0],False
1660,[36128.0],[3433.0],[1.0],[7.0],False
1661,[36130.0],[2827.0],[7.0],[9.0],False
1662,[36131.0],[4829.0],[2.0],[4.0],False
1663,[36132.0],[1988.0],[5.0],[13.0],False
1664,[36133.0],[2583.0],[7.0],[10.0],False
1665,[36136.0],[11.0],[2.0],[99.0],False
1666,[36138.0],[465.0],[2.0],[37.0],False
1667,[36142.0],[401.0],[1.0],[40.0],False
1668,[36143.0],[1142.0],[1.0],[21.0],False
1669,[36148.0],[2377.0],[3.0],[11.0],False
1670,[36150.0],[4824.0 5494.0 6283.0],[7.0],[2.0 3.0 4.0],False
1671,[36165.0],[2353.0],[1.0],[11.0],False
1672,[36169.0],[2383.0],[1.0],[11.0],False
1673,[36170.0],[1204.0],[1.0],[20.0],False
1674,[36173.0],[2599.0],[1.0],[10.0],False
1675,[36176.0],[999.0],[6.0],[23.0],False
1676,[36189.0],[1682.0],[1.0],[15.0],False
1677,[36224.0],[3415.0],[1.0],[7.0],False
1678,[36276.0],[4838.0],[3.0],[4.0],False
1679,[36292.0],[2597.0],[3.0],[10.0],False
1680,[36335.0],[2575.0],[1.0],[10.0],False
1681,[36338.0],[5474.0],[1.0],[3.0],False
1682,[36464.0],[1137.0],[5.0],[21.0],False
1683,[36467.0],[827.0 1835.0],[6.0],[14.0 26.0],False
1684,[36471.0],[21.0],[6.0],[99.0],False
1685,[36473.0],[700.0],[1.0],[29.0],False
1686,[36474.0],[3098.0],[6.0],[8.0],False
1687,[36475.0],[3433.0],[1.0],[7.0],False
1688,[36476.0],[3796.0],[5.0],[6.0],False
1689,[36478.0],[107.0],[6.0],[70.0],False
1690,[36482.0],[3071.0],[1.0],[8.0],False
1691,[36485.0],[615.0],[1.0],[31.0],False
1692,[36490.0],[2811.0],[1.0],[9.0],False
1693,[36492.0],[3081.0],[2.0],[8.0],False
1694,[36494.0],[1559.0 6281.0],[4.0],[2.0 16.0],False
1695,[36502.0],[383.0],[5.0],[41.0],False
1696,[36503.0],[3082.0],[1.0],[8.0],False
1697,[36504.0],[941.0],[4.0],[24.0],False
1698,[36507.0],[463.0],[2.0],[37.0],False
1699,[36528.0],[156.0],[4.0],[61.0],False
1700,[36539.0],[2593.0],[1.0],[10.0],False
1701,[36559.0],[2809.0 4273.0],[4.0],[5.0 9.0],False
1702,[36562.0],[5487.0],[2.0],[3.0],False
1703,[36581.0],[3808.0],[3.0],[6.0],False
1704,[36583.0],[3421.0],[2.0],[7.0],False
1705,[36684.0],[3791.0],[5.0],[6.0],False
1706,[36688.0],[1999.0],[4.0],[13.0],False
1707,[36691.0],[3454.0],[4.0],[7.0],False
1708,[36700.0],[238.0 4259.0],[5.0],[5.0 51.0],False
1709,[36704.0],[4263.0],[3.0],[5.0],False
1710,[36707.0],[1372.0],[2.0],[18.0],False
1711,[36729.0],[110.0],[1.0],[69.0],False
1712,[36731.0],[1470.0],[4.0],[17.0],False
1713,[36784.0],[464.0],[1.0],[37.0],False
1714,[36842.0],[5501.0],[1.0],[3.0],False
1715,[36843.0],[2600.0],[1.0],[10.0],False
1716,[36845.0],[2381.0],[3.0],[11.0],False
1717,[36846.0],[3812.0],[1.0],[6.0],False
1718,[36847.0],[52.0],[4.0],[86.0],False
1719,[36848.0],[3432.0],[4.0],[7.0],False
1720,[36850.0],[898.0],[3.0],[25.0],False
1721,[36852.0],[1465.0],[3.0],[17.0],False
1722,[36856.0],[3081.0],[1.0],[8.0],False
1723,[36858.0],[1559.0],[1.0],[16.0],False
1724,[36859.0],[1365.0],[2.0],[18.0],False
1725,[36864.0],[2383.0],[4.0],[11.0],False
1726,[36866.0],[271.0],[2.0],[48.0],False
1727,[36867.0],[1995.0],[4.0],[13.0],False
1728,[36889.0],[1133.0],[1.0],[21.0],False
1729,[36905.0],[1470.0],[3.0],[17.0],False
1730,[36977.0],[4249.0],[2.0],[5.0],False
1731,[36979.0],[3074.0],[3.0],[8.0],False
1732,[36981.0],[3423.0],[1.0],[7.0],False
1733,[36982.0],[1997.0],[3.0],[13.0],False
1734,[36989.0],[3428.0],[2.0],[7.0],False
1735,[36991.0],[211.0],[2.0],[54.0],False
1736,[36992.0],[1987.0],[3.0],[13.0],False
1737,[36993.0],[4849.0],[3.0],[4.0],False
1738,[36995.0],[148.0],[3.0],[62.0],False
1739,[36997.0],[6241.0],[1.0],[2.0],False
1740,[36998.0],[4241.0],[2.0],[5.0],False
1741,[36999.0],[700.0],[3.0],[29.0],False
1742,[37000.0],[2817.0],[2.0],[9.0],False
1743,[37001.0],[938.0 2380.0],[2.0],[11.0 24.0],False
1744,[37003.0],[5517.0],[1.0],[3.0],False
1745,[37005.0],[4246.0],[2.0],[5.0],False
1746,[37006.0],[43.0],[3.0],[92.0],False
1747,[37007.0],[3431.0],[2.0],[7.0],False
1748,[37009.0],[10.0],[3.0],[99.0],False
1749,[37010.0],[5519.0],[3.0],[3.0],True
1750,[37013.0],[3104.0],[3.0],[8.0],False
1751,[37015.0],[2813.0],[2.0],[9.0],False
1752,[37018.0],[731.0],[3.0],[28.0],False
1753,[37020.0],[1474.0],[2.0],[17.0],False
1754,[37021.0],[3436.0],[2.0],[7.0],False
1755,[37022.0],[5529.0],[3.0],[3.0],True
1756,[37023.0],[3437.0],[3.0],[7.0],False
1757,[37031.0],[1140.0],[3.0],[21.0],False
1758,[37036.0],[5538.0],[2.0],[3.0],False
1759,[37065.0],[3106.0],[3.0],[8.0],False
1760,[37068.0],[2604.0],[3.0],[10.0],False
1761,[37077.0],[560.0],[3.0],[33.0],False
1762,[37078.0],[5539.0],[3.0],[3.0],True
1763,[37082.0],[3444.0],[3.0],[7.0],False
1764,[37102.0],[45.0],[3.0],[91.0],False
1765,[37108.0],[1991.0],[2.0],[13.0],False
1766,[37178.0],[3451.0],[1.0],[7.0],False
1767,[37184.0],[1138.0],[2.0],[21.0],False
1768,[37186.0],[5512.0],[2.0],[3.0],False
1769,[37195.0],[536.0],[1.0],[34.0],False
1770,[37196.0],[2581.0],[1.0],[10.0],False
1771,[37201.0],[3792.0],[2.0],[6.0],False
1772,[37204.0],[893.0],[1.0],[25.0],False
1773,[37205.0],[1829.0],[1.0],[14.0],False
1774,[37207.0],[3094.0],[2.0],[8.0],False
1775,[37209.0],[188.0],[1.0],[56.0],False
1776,[37210.0],[19.0],[2.0],[99.0],False
1777,[37211.0],[894.0],[1.0],[25.0],False
1778,[37212.0],[6273.0],[2.0],[2.0],True
1779,[37213.0],[3453.0],[1.0],[7.0],False
1780,[37216.0],[2387.0],[2.0],[11.0],False
1781,[37217.0],[1570.0],[1.0],[16.0],False
1782,[37218.0],[8.0],[2.0],[99.0],False
1783,[37220.0],[6275.0],[2.0],[2.0],True
1784,[37224.0],[5503.0],[1.0],[3.0],False
1785,[37226.0],[10.0],[2.0],[99.0],False
1786,[37227.0],[2602.0],[2.0],[10.0],False
1787,[37228.0],[70.0],[1.0],[79.0],False
1788,[37229.0],[3797.0],[2.0],[6.0],False
1789,[37231.0],[38.0],[2.0],[95.0],False
1790,[37235.0],[1573.0],[1.0],[16.0],False
1791,[37237.0],[5522.0],[1.0],[3.0],False
1792,[37238.0],[401.0],[1.0],[40.0],False
1793,[37239.0],[2830.0],[1.0],[9.0],False
1794,[37244.0],[4277.0],[2.0],[5.0],False
1795,[37245.0],[2828.0],[1.0],[9.0],False
1796,[37249.0],[237.0],[1.0],[51.0],False
1797,[37255.0],[5524.0],[1.0],[3.0],False
1798,[37256.0],[1469.0],[2.0],[17.0],False
1799,[37259.0],[4260.0],[1.0],[5.0],False
1800,[37261.0],[2821.0],[2.0],[9.0],False
1801,[37262.0],[3814.0],[1.0],[6.0],False
1802,[37265.0],[4877.0],[2.0],[4.0],False
1803,[37269.0],[2372.0],[1.0],[11.0],False
1804,[37271.0],[4264.0],[2.0],[5.0],False
1805,[37274.0],[5530.0],[1.0],[3.0],False
1806,[37284.0],[5531.0],[1.0],[3.0],False
1807,[37289.0],[3082.0],[1.0],[8.0],False
1808,[37290.0],[697.0],[1.0],[29.0],False
1809,[37298.0],[2822.0],[1.0],[9.0],False
1810,[37315.0],[3440.0],[1.0],[7.0],False
1811,[37331.0],[3449.0],[1.0],[7.0],False
1812,[37340.0],[3089.0],[1.0],[8.0],False
1813,[37349.0],[2374.0],[2.0],[11.0],False
1814,[37357.0],[5549.0],[1.0],[3.0],False
1815,[37359.0],[3447.0],[2.0],[7.0],False
1816,[37364.0],[427.0],[2.0],[39.0],False
1817,[37369.0],[4863.0],[1.0],[4.0],False
1818,[37370.0],[2594.0],[1.0],[10.0],False
1819,[37371.0],[4272.0],[1.0],[5.0],False
1820,[37375.0],[5509.0],[1.0],[3.0],False
1821,[37379.0],[3806.0],[1.0],[6.0],False
1822,[37383.0],[3090.0],[1.0],[8.0],False
1823,[37410.0],[6258.0],[1.0],[2.0],False
1824,[37417.0],[5550.0],[1.0],[3.0],False
1825,[37418.0],[2597.0],[1.0],[10.0],False
1826,[37430.0],[6297.0],[1.0],[2.0],False
1827,[37457.0],[445.0],[2.0],[38.0],False
1828,[37490.0],[5542.0],[2.0],[3.0],False
1829,[37585.0],[660.0],[1.0],[30.0],False
1830,[37587.0],[3101.0],[1.0],[8.0],False
1831,[37588.0],[3426.0],[1.0],[7.0],False
1832,[37594.0],[2381.0],[1.0],[11.0],False
1833,[37596.0],[1059.0],[1.0],[22.0],False
1834,[37597.0],[3433.0],[1.0],[7.0],False
1835,[37598.0],[190.0],[1.0],[56.0],False
1836,[37600.0],[4869.0],[1.0],[4.0],False
1837,[37601.0],[2177.0],[1.0],[12.0],False
1838,[37604.0],[3814.0],[1.0],[6.0],False
1839,[37605.0],[488.0],[1.0],[36.0],False
1840,[37614.0],[2374.0],[1.0],[11.0],False
1841,[37630.0],[2593.0],[1.0],[10.0],False
1842,[37646.0],[4871.0],[1.0],[4.0],False
1843,[37647.0],[2595.0],[1.0],[10.0],False
1844,[37660.0],[3450.0],[1.0],[7.0],False
1845,[37683.0],[45.0],[1.0],[91.0],False
